Row_Number,Cell_ID,MERFISH_cell_type_annotation.y
1,2796212800954100068,DH_ex_Grpr
2,2707604000123100074,oligodendrocyte_progenitor_2
3,2796212800080100088,astrocyte_1
4,2946331700000000970,astrocyte_1
5,2796212800882100299,DH_in_Rorb
6,2787889600415100083,oligodendrocyte_progenitor_2
7,2795903600185100289,oligodendrocyte_progenitor_2
8,2707737900071100040,oligodendrocyte_progenitor_2
9,2707604800079100103,oligodendrocyte_progenitor_2
10,2946331700000004334,DH_ex_Reln/Npff
11,2707604000055100159,oligodendrocyte_progenitor_2
12,2726562700214100107,oligodendrocyte_1
13,2656144300085100039,astrocyte_2
14,2795584800450100248,DH_ex_Reln/Nmur2
15,2795584800377100133,oligodendrocyte_progenitor_2
16,2946331700000021200,oligodendrocyte_progenitor_2
17,2796212800583100061,oligodendrocyte_progenitor_2
18,2795903600032100208,MV_in_Sema5b
19,2795584800701100118,oligodendrocyte_progenitor_2
20,2707737900088100227,oligodendrocyte_progenitor_2
21,2945606900000016721,oligodendrocyte_progenitor_2
22,2787445900353100151,DH_ex_Reln/Nmur2
23,2787889600396100098,oligodendrocyte_progenitor_2
24,2707604700012100061,oligodendrocyte_progenitor_2
25,2796212800419200150,oligodendrocyte_progenitor_2
26,2795584800434100041,DH_ex_Prkcg/Rxfp1
27,2946331700000012595,DH_in_Cdh3
28,2946331700000014061,DH_ex_Gpr83
29,2787445900326100163,oligodendrocyte_progenitor_2
30,2707604800339100051,oligodendrocyte_progenitor_2
31,2656143800102100138,oligodendrocyte_progenitor_2
32,2795584800088100291,oligodendrocyte_progenitor_2
33,2707604000057100194,DH_ex_Nmu/Tac2
34,2707604800142100101,oligodendrocyte_progenitor_2
35,2787445900462100145,MV_in_Sema5b
36,2796212800824100031,DH_in_Npy
37,2656143800419200165,MV_ex_Shox2
38,2656144900288100174,DH_ex_Sox5
39,2787889600409100080,DH_in_Npy2r
40,2795584800449100215,oligodendrocyte_progenitor_2
41,2656144900111100080,astrocyte_1
42,2795584800410100108,oligodendrocyte_progenitor_2
43,2787445900387100096,DH_ex_Sox5/Tac1
44,2795103300108100035,alpha_motoneuron
45,2796212800980200153,DH_in_Pdyn/Gal
46,2707604700059100099,oligodendrocyte_progenitor_2
47,2946331700000010711,astrocyte_1
48,2787889600024100204,DH_in_Cdh3
49,2726544600029100088,M_ex_Vsx2
50,2656144300210100201,oligodendrocyte_progenitor_2
51,2707604700035100138,oligodendrocyte_progenitor_2
52,2946331700000007152,astrocyte_1
53,2787445900798100070,oligodendrocyte_progenitor_2
54,2796212800951100050,oligodendrocyte_progenitor_2
55,2796212800601100057,astrocyte_1
56,2707604700224100246,oligodendrocyte_progenitor_2
57,2656144900610100044,astrocyte_1
58,2707604700106100117,oligodendrocyte_progenitor_2
59,2795584800480100215,oligodendrocyte_progenitor_2
60,2707604000043200042,oligodendrocyte_progenitor_2
61,2707604000041100035,DM_ex_Zfhx3
62,2787445900688100075,oligodendrocyte_progenitor_2
63,2656144900421100081,astrocyte_1
64,2795903600062100021,oligodendrocyte_progenitor_2
65,2656143800078100252,DH_in_Cdh3
66,2707604800242100146,oligodendrocyte_progenitor_2
67,2787889600279100093,DH_ex_Nmu/Tac2
68,2795584800386100122,alpha_motoneuron
69,2656144900235100127,astrocyte_1
70,2707737900089100156,DH_in_Npy2r
71,2945606900000006501,oligodendrocyte_progenitor_2
72,2707604000056100254,M_in_Tfap2b
73,2945606900000010124,oligodendrocyte_progenitor_2
74,2945606900000017137,oligodendrocyte_progenitor_2
75,2795584800161100090,DH_ex_Nmu/Tac2
76,2787889600193100045,DH_in_Pdyn
77,2707604700223100175,oligodendrocyte_progenitor_2
78,2656144900504100185,astrocyte_1
79,2656144300084100094,MV_in_Esrrb
80,2795584800154100105,alpha_motoneuron
81,2787445900360100178,oligodendrocyte_progenitor_2
82,2707604700366100023,MV_ex_Syt2
83,2787445900396100260,oligodendrocyte_progenitor_2
84,2796212800825100072,oligodendrocyte_progenitor_2
85,2787889600389100028,alpha_motoneuron
86,2787445900326100090,DM_ex_Zfhx3
87,2707604800383100049,MV_in_Gabra1
88,2707604800162100195,oligodendrocyte_progenitor_2
89,2796212800946100129,oligodendrocyte_progenitor_2
90,2796212800914100091,oligodendrocyte_progenitor_2
91,2656144900350100089,DM_ex_Zfhx3
92,2656144900235100081,astrocyte_1
93,2787445900161100059,oligodendrocyte_progenitor_2
94,2795903600615100162,oligodendrocyte_progenitor_2
95,2656144900190100295,DH_ex_Nmu/Tac2
96,2787889600546100330,MV_in_Gabra1
97,2656144300062100061,MV_in_Gabra1
98,2795903600243100009,oligodendrocyte_progenitor_2
99,2787445900841100019,oligodendrocyte_progenitor_2
100,2707604800382100195,oligodendrocyte_progenitor_2
101,2795584800385100215,oligodendrocyte_progenitor_2
102,2656144900536100021,astrocyte_1
103,2796212800296100049,oligodendrocyte_progenitor_2
104,2726562800240200094,oligodendrocyte_progenitor_2
105,2707604000042100305,DH_ex_Nmu/Tac2
106,2656144900264100124,alpha_motoneuron
107,2787445900686100165,oligodendrocyte_progenitor_2
108,2796212801041100057,oligodendrocyte_progenitor_2
109,2787445900244100072,oligodendrocyte_progenitor_2
110,2707604000056100016,VH_in_Chat
111,2795903600642100170,oligodendrocyte_progenitor_2
112,2787445900358100026,oligodendrocyte_progenitor_2
113,2726544600219100150,oligodendrocyte_progenitor_2
114,2796212801041100119,alpha_motoneuron
115,2796212800560100117,DH_ex_Nmu/Tac2
116,2796212800890100108,DH_ex_Sox5
117,2707604700248100281,oligodendrocyte_progenitor_2
118,2787445900898100023,oligodendrocyte_progenitor_2
119,2707604700248100091,M_ex_Neurod2
120,2945606900000009855,DH_in_Cdh3
121,2656144900371100102,astrocyte_1
122,2707604000140100227,DH_ex_Grp
123,2946331700000008101,DH_in_Npy
124,2787889600546100277,DM_ex_Zfhx3
125,2707604000093200010,oligodendrocyte_progenitor_2
126,2787445900685100073,oligodendrocyte_progenitor_2
127,2795103300084100052,MV_in_Gm26673
128,2795903600518200075,oligodendrocyte_progenitor_2
129,2795903600322100187,DH_ex_Sox5
130,2787889600160100006,oligodendrocyte_progenitor_2
131,2707604700085200167,oligodendrocyte_progenitor_2
132,2707737900147100108,DH_in_Npy2r
133,2656144300102100114,DH_ex_Reln/Nmur2
134,2656143800190200105,oligodendrocyte_progenitor_2
135,2707604700070100030,oligodendrocyte_progenitor_2
136,2656144900562100025,astrocyte_1
137,2707604000053100097,oligodendrocyte_progenitor_2
138,2946331700000008807,MV_in_Gm26673
139,2787889600616100045,oligodendrocyte_progenitor_2
140,2796212800493100149,MV_in_Gm26673
141,2787889600230100284,MV_ex_Syt2
142,2795903600408100065,oligodendrocyte_progenitor_2
143,2796212800888100135,oligodendrocyte_progenitor_2
144,2707604700364100214,oligodendrocyte_progenitor_2
145,2796212800297200055,oligodendrocyte_progenitor_2
146,2796212800487100223,oligodendrocyte_progenitor_2
147,2795103300372200056,oligodendrocyte_progenitor_2
148,2787445900399100134,M_ex_Vsx2
149,2946331700000015639,oligodendrocyte_progenitor_2
150,2656144900164100025,astrocyte_1
151,2946331700000002079,alpha_motoneuron
152,2656143800153100117,MV_ex_Syt2
153,2787445900588100075,oligodendrocyte_progenitor_2
154,2787889600313100112,DM_ex_Zfhx3
155,2796212800715100019,oligodendrocyte_progenitor_2
156,2787445900897100064,oligodendrocyte_progenitor_2
157,2795903600479100093,oligodendrocyte_progenitor_2
158,2787445900262100140,MV_in_Gabra1
159,2707604800363100234,oligodendrocyte_progenitor_2
160,2945606900000001828,MV_in_Gm26673
161,2787445900658100058,oligodendrocyte_progenitor_2
162,2946331700000010666,DH_ex_Gpr83
163,2787445900130100018,DH_ex_Reln
164,2707604700067100155,MV_in_Sema5b
165,2787889600481100218,oligodendrocyte_progenitor_2
166,2796212800855100087,oligodendrocyte_progenitor_2
167,2796212801010100236,oligodendrocyte_progenitor_2
168,2795584800345100210,alpha_motoneuron
169,2945606900000010234,oligodendrocyte_progenitor_2
170,2795903600693100057,MV_ex_Shox2
171,2787445900645100111,DH_in_Pdyn/Gal
172,2656144900584100135,astrocyte_1
173,2656144900264100112,astrocyte_1
174,2656143800079100021,oligodendrocyte_progenitor_2
175,2656144300126100018,astrocyte_2
176,2796212800947100084,oligodendrocyte_progenitor_2
177,2707604000102100016,oligodendrocyte_progenitor_2
178,2656143800393100043,MV_in_Sema5b
179,2707604800082100014,oligodendrocyte_progenitor_2
180,2707604700086100193,DH_ex_Grpr
181,2707604700274100029,oligodendrocyte_progenitor_2
182,2796212800757100248,alpha_motoneuron
183,2656143800131100046,oligodendrocyte_progenitor_2
184,2707604800077100314,oligodendrocyte_progenitor_2
185,2795584800167100151,MV_ex_Syt2
186,2787445900231100213,oligodendrocyte_progenitor_2
187,2787889600348100214,DM_ex_Zfhx3
188,2707604700338100032,oligodendrocyte_progenitor_2
189,2787445900681100130,oligodendrocyte_progenitor_2
190,2707604000087100239,oligodendrocyte_progenitor_2
191,2795103300331100270,MV_in_Gm26673
192,2707737900035100098,astrocyte_2
193,2796212800631100050,MV_in_Sema5b
194,2787445900164100113,oligodendrocyte_progenitor_2
195,2707737900087100141,oligodendrocyte_progenitor_2
196,2796212800376100082,astrocyte_1
197,2787445900730100034,oligodendrocyte_progenitor_2
198,2787445900432100029,oligodendrocyte_progenitor_2
199,2787445900300100156,oligodendrocyte_progenitor_2
200,2787445900253100202,oligodendrocyte_progenitor_2
201,2707604800142100197,MV_in_Gabra1
202,2795103300148100201,oligodendrocyte_progenitor_2
203,2795584800389100159,MV_in_Gm26673
204,2656144900352100168,MV_in_Sema5b
205,2946331700000003245,MV_in_Gabra1
206,2707604700091100216,DH_in_Rorb
207,2726562800117100221,DH_ex_Nmu/Tac2
208,2796212800922100088,oligodendrocyte_1
209,2795103300232100182,oligodendrocyte_progenitor_2
210,2656144900288100036,astrocyte_1
211,2796212800561100090,M_in_Tfap2b
212,2795584800169100031,oligodendrocyte_progenitor_2
213,2707604700341100039,MV_in_Gabra1
214,2787889600390100059,alpha_motoneuron
215,2787889600450100151,oligodendrocyte_progenitor_2
216,2795584800389100096,oligodendrocyte_progenitor_2
217,2656144900190100144,DH_ex_Reln/Nmur2
218,2795103300347100038,oligodendrocyte_progenitor_2
219,2707604700227100012,oligodendrocyte_progenitor_2
220,2656144900585100048,astrocyte_1
221,2787445900351100087,oligodendrocyte_progenitor_2
222,2946331700000012796,DH_ex_Reln/Nmur2
223,2656144900264100107,astrocyte_1
224,2796212800748100095,oligodendrocyte_progenitor_2
225,2707737900073100227,astrocyte_2
226,2656144300164100166,DH_ex_Grp
227,2787445900193100145,oligodendrocyte_progenitor_2
228,2656143800104200190,oligodendrocyte_progenitor_2
229,2796212800594100177,astrocyte_2
230,2946331700000014936,astrocyte_1
231,2787445900245100048,oligodendrocyte_progenitor_2
232,2787445900895100085,MV_ex_Syt2
233,2946331700000000780,oligodendrocyte_progenitor_2
234,2656143800053100107,M_in_Tfap2b
235,2787445900206200104,oligodendrocyte_progenitor_2
236,2726543700142100163,oligodendrocyte_progenitor_2
237,2787445900859100045,oligodendrocyte_progenitor_2
238,2787445900858100203,oligodendrocyte_progenitor_2
239,2656143800241100024,oligodendrocyte_progenitor_2
240,2946331700000005085,M_in_Tfap2b
241,2946331700000015071,astrocyte_1
242,2707604000083100077,oligodendrocyte_progenitor_2
243,2796212800428100041,oligodendrocyte_progenitor_2
244,2656144300125100173,MV_ex_Syt2
245,2656144900113100186,MV_in_Gm26673
246,2796212800881100167,oligodendrocyte_progenitor_2
247,2656144300165100159,MV_in_Gabra1
248,2795903600327100169,oligodendrocyte_progenitor_2
249,2795903600237100116,alpha_motoneuron
250,2787445900791100061,oligodendrocyte_progenitor_2
251,2656144900583100064,astrocyte_1
252,2787445900094100118,oligodendrocyte_progenitor_2
253,2787889600441100079,MV_in_Sema5b
254,2946331700000021636,astrocyte_1
255,2787889600351100030,oligodendrocyte_progenitor_2
256,2796212800355100037,oligodendrocyte_progenitor_2
257,2787445900623100020,MV_in_Esrrb
258,2787889600059100121,oligodendrocyte_progenitor_2
259,2707604800221100086,oligodendrocyte_progenitor_2
260,2787889600313100228,oligodendrocyte_progenitor_2
261,2795903600540100034,oligodendrocyte_progenitor_2
262,2796212800462100180,oligodendrocyte_progenitor_2
263,2796212800747100207,DM_ex_Zfhx3
264,2707604800340100111,MV_in_Sema5b
265,2656144900220100341,astrocyte_1
266,2945606900000016925,DM_ex_Zfhx3
267,2787889600581100174,oligodendrocyte_progenitor_2
268,2787889600482100182,oligodendrocyte_progenitor_2
269,2656144900216100057,astrocyte_1
270,2656144900113100111,alpha_motoneuron
271,2787889600411100083,DH_ex_Reln/Nmur2
272,2787889600195100165,oligodendrocyte_progenitor_2
273,2707604700057100073,oligodendrocyte_progenitor_2
274,2795903600185200063,oligodendrocyte_progenitor_2
275,2707604800361100133,oligodendrocyte_progenitor_2
276,2795903600590100199,DH_ex_Nmu/Tac2
277,2796212800599100159,astrocyte_1
278,2707737900050100036,oligodendrocyte_progenitor_2
279,2795903600215100061,oligodendrocyte_progenitor_2
280,2726562700162100097,alpha_motoneuron
281,2787889600379100224,oligodendrocyte_progenitor_2
282,2707604000140100181,DH_ex_Nmu/Tac2
283,2656143800392100175,oligodendrocyte_progenitor_2
284,2656143800390100017,oligodendrocyte_progenitor_2
285,2795103300197100198,oligodendrocyte_progenitor_2
286,2726562800118100029,M_ex_Vsx2
287,2707604000071100054,M_ex_Neurod2
288,2656144900288100088,DH_ex_Reln
289,2787889600230100135,oligodendrocyte_progenitor_2
290,2787445900252100201,DH_in_Cdh3
291,2796212800296100099,oligodendrocyte_progenitor_2
292,2795903600186100098,DH_in_Npy2r
293,2726562800058100121,oligodendrocyte_progenitor_2
294,2656144900396100245,MV_in_Gabra1
295,2656143800129100194,oligodendrocyte_progenitor_2
296,2707604700342100254,oligodendrocyte_progenitor_2
297,2787889600397100156,oligodendrocyte_progenitor_2
298,2796212800599100280,alpha_motoneuron
299,2795584800239100092,DH_in_Pdyn
300,2707604800079100128,oligodendrocyte_progenitor_2
301,2787889600060100122,oligodendrocyte_progenitor_2
302,2707604700339100024,oligodendrocyte_progenitor_2
303,2787445900095100060,oligodendrocyte_progenitor_2
304,2795584800345100169,oligodendrocyte_progenitor_2
305,2796212800394100016,alpha_motoneuron
306,2656143800443100282,oligodendrocyte_progenitor_2
307,2787445900679100163,oligodendrocyte_progenitor_2
308,2795103300179100125,M_in_Tfap2b
309,2656144900489100170,MV_in_Gm26673
310,2656144900140100097,astrocyte_1
311,2796212800529100209,DH_in_Cdh3
312,2787889600514100132,oligodendrocyte_progenitor_2
313,2787445900896100099,oligodendrocyte_progenitor_2
314,2656144900111100317,astrocyte_1
315,2787445900620100027,MV_in_Gabra1
316,2707604800014100180,oligodendrocyte_progenitor_2
317,2796212800823100260,oligodendrocyte_1
318,2707604700338100124,alpha_motoneuron
319,2795584800241100104,oligodendrocyte_progenitor_2
320,2707604000058100035,DH_ex_Grp
321,2796212800888100307,MV_in_Gm26673
322,2656144300168200015,oligodendrocyte_progenitor_2
323,2707737900061100154,oligodendrocyte_progenitor_2
324,2707604700203200037,oligodendrocyte_progenitor_2
325,2796212800271100017,MV_in_Sema5b
326,2707737900085200010,oligodendrocyte_progenitor_2
327,2707604700367100078,DH_ex_Nmu/Tac2
328,2795903600033100172,oligodendrocyte_progenitor_2
329,2787445900822100086,DH_in_Npy2r
330,2787445900622100051,oligodendrocyte_progenitor_2
331,2707604800361100033,oligodendrocyte_progenitor_2
332,2796212801011100149,oligodendrocyte_progenitor_2
333,2946331700000015037,MV_ex_Shox2
334,2787445900761100284,oligodendrocyte_progenitor_2
335,2787889600094100191,MV_ex_Syt2
336,2656143800391100044,DH_ex_Reln
337,2796212800442100051,DH_in_Pdyn/Gal
338,2707604700249100101,MV_ex_Syt2
339,2787889600349100032,oligodendrocyte_progenitor_2
340,2946331700000003140,MV_ex_Syt2
341,2707604800343100166,DH_ex_Reln/Nmur2
342,2787445900330100015,DH_in_Pdyn/Gal
343,2787889600318100087,oligodendrocyte_progenitor_2
344,2795584800412100304,MV_in_Gabra1
345,2656144900395100164,astrocyte_1
346,2707604700061100008,oligodendrocyte_progenitor_2
347,2726562800262100019,MV_in_Sema5b
348,2945606900000003363,oligodendrocyte_progenitor_2
349,2787445900249100100,DH_in_Pdyn/Gal
350,2787889600409100174,oligodendrocyte_progenitor_2
351,2787445900362100150,MV_ex_Syt2
352,2656144900535100096,astrocyte_1
353,2796212801018100064,DH_in_Cdh3
354,2787889600025100052,oligodendrocyte_progenitor_2
355,2787445900698100149,oligodendrocyte_progenitor_2
356,2795103300148100032,alpha_motoneuron
357,2787889600169100032,oligodendrocyte_progenitor_2
358,2656144300125100167,astrocyte_2
359,2796212800854100064,M_ex_Vsx2
360,2795103300197100113,M_ex_Vsx2
361,2656143800217100082,oligodendrocyte_progenitor_2
362,2787445900400100191,alpha_motoneuron
363,2795903600320100185,oligodendrocyte_progenitor_2
364,2707604800425100183,oligodendrocyte_progenitor_2
365,2787445900395100117,oligodendrocyte_progenitor_2
366,2795903600158100030,DH_ex_Grpr
367,2946331700000002654,DH_ex_Reln
368,2795903600410100060,oligodendrocyte_progenitor_2
369,2656144900211100056,astrocyte_1
370,2656144900589100189,M_ex_Neurod2
371,2796212801009100074,alpha_motoneuron
372,2795903600242100134,oligodendrocyte_progenitor_2
373,2787445900358100134,oligodendrocyte_progenitor_2
374,2707604000095100174,oligodendrocyte_progenitor_2
375,2787445900400200097,oligodendrocyte_progenitor_2
376,2787889600126100101,oligodendrocyte_progenitor_2
377,2795584800421100234,MV_in_Gabra1
378,2726562700259100144,oligodendrocyte_progenitor_2
379,2796212800761100070,oligodendrocyte_progenitor_2
380,2787445900324100280,oligodendrocyte_progenitor_2
381,2945606900000006293,oligodendrocyte_progenitor_2
382,2795903600194100247,oligodendrocyte_progenitor_2
383,2707604700387100155,oligodendrocyte_progenitor_2
384,2707604700250100310,oligodendrocyte_progenitor_2
385,2946331700000004751,oligodendrocyte_progenitor_2
386,2796212800593100249,DM_ex_Zfhx3
387,2787445900549100184,DH_in_Npy
388,2796212800791100188,oligodendrocyte_progenitor_2
389,2656143800317100110,oligodendrocyte_progenitor_2
390,2656144900529100134,DH_ex_Nmu/Tac2
391,2707604000087100094,DH_in_Npy
392,2945606900000002033,oligodendrocyte_progenitor_2
393,2656144900426100092,astrocyte_1
394,2787445900088100181,oligodendrocyte_progenitor_2
395,2787445900096200073,oligodendrocyte_progenitor_2
396,2795584800203200112,oligodendrocyte_progenitor_2
397,2656144900371100133,astrocyte_1
398,2787889600351100294,oligodendrocyte_progenitor_2
399,2707604800014100106,DH_ex_Sox5
400,2787889600386100182,oligodendrocyte_progenitor_2
401,2787445900597100034,DM_ex_Zfhx3
402,2787445900548100266,DM_ex_Zfhx3
403,2795584800471100038,DH_ex_Sox5/Tac1
404,2795903600115100190,DH_in_Pdyn
405,2795903600301100164,oligodendrocyte_progenitor_2
406,2796212800920100105,oligodendrocyte_progenitor_2
407,2787445900545100303,oligodendrocyte_progenitor_2
408,2787445900253100093,DH_ex_Reln/Nmur2
409,2707604700271100115,oligodendrocyte_progenitor_2
410,2946331700000017785,astrocyte_1
411,2787889600056100136,DM_ex_Zfhx3
412,2707604000067100151,oligodendrocyte_progenitor_2
413,2787889600351100107,oligodendrocyte_progenitor_2
414,2795584800414100129,oligodendrocyte_progenitor_2
415,2787445900659100207,oligodendrocyte_progenitor_2
416,2787889600422100094,oligodendrocyte_progenitor_2
417,2787445900172100018,MV_ex_Syt2
418,2656143800192100097,alpha_motoneuron
419,2787889600058100126,oligodendrocyte_progenitor_2
420,2795584800449100047,oligodendrocyte_progenitor_2
421,2795584800238100248,DH_ex_Sox5
422,2656144900140100214,astrocyte_1
423,2787889600544200026,DH_ex_Sox5/Tac1
424,2795584800089100106,oligodendrocyte_progenitor_2
425,2796212800855100344,oligodendrocyte_progenitor_2
426,2787445900325100119,oligodendrocyte_progenitor_2
427,2796212800388100189,oligodendrocyte_progenitor_2
428,2946331700000012614,astrocyte_1
429,2795903600349100032,DH_ex_Reln/Nmur2
430,2796212800279100075,MV_ex_Syt2
431,2787445900724100035,DH_ex_Nmu/Tac2
432,2796212800109100204,DM_ex_Zfhx3
433,2787889600130100023,oligodendrocyte_progenitor_2
434,2796212801010100096,M_ex_Vsx2
435,2946331700000005636,astrocyte_1
436,2795903600348100068,DH_ex_Prkcg/Rxfp1
437,2795903600186100074,oligodendrocyte_progenitor_2
438,2787445900288100131,oligodendrocyte_progenitor_2
439,2787889600449100087,MV_in_Gabra1
440,2707604800221100111,oligodendrocyte_progenitor_2
441,2787889600314100178,oligodendrocyte_progenitor_2
442,2795903600143100347,oligodendrocyte_progenitor_2
443,2656144900529100180,DH_in_Pdyn
444,2795584800360100035,DH_in_Npy2r
445,2795584800422100168,oligodendrocyte_progenitor_2
446,2787889600362100119,MV_ex_Syt2
447,2726562700255100059,MV_ex_Syt2
448,2787445900682100121,DH_ex_Prkcg/Rxfp1
449,2795903600348100199,oligodendrocyte_progenitor_2
450,2787445900053100152,oligodendrocyte_progenitor_2
451,2656143800391100242,DH_in_Cdh3
452,2946331700000006646,oligodendrocyte_progenitor_2
453,2946331700000015748,astrocyte_1
454,2787889600129100159,oligodendrocyte_progenitor_2
455,2726562800078100018,oligodendrocyte_progenitor_2
456,2656143800216100259,oligodendrocyte_progenitor_2
457,2656144900540100087,astrocyte_1
458,2707604800200100008,oligodendrocyte_progenitor_2
459,2795103300400100026,oligodendrocyte_progenitor_2
460,2656144900531200110,MV_in_Gm26673
461,2707604700034100042,oligodendrocyte_progenitor_2
462,2796212800522100094,MV_in_Gabra1
463,2796212800758100177,oligodendrocyte_progenitor_2
464,2795903600355100024,DH_in_Pdyn/Gal
465,2946331700000013131,astrocyte_1
466,2707604700366100029,DH_in_Cdh3
467,2787889600194100139,oligodendrocyte_progenitor_2
468,2707604000069100141,MV_in_Gm26673
469,2707604800384100092,oligodendrocyte_progenitor_2
470,2945606900000003323,MV_ex_Shox2
471,2656144900139100212,astrocyte_1
472,2656143800443100030,MV_in_Gm26673
473,2795584800170100043,alpha_motoneuron
474,2796212800396100083,MV_in_Sema5b
475,2795103300120100075,MV_in_Gabra1
476,2795903600160100102,oligodendrocyte_progenitor_2
477,2787889600445100238,MV_in_Gm26673
478,2796212800977100211,oligodendrocyte_progenitor_2
479,2796212800438100102,alpha_motoneuron
480,2787445900263100093,DH_ex_Sox5/Tac1
481,2795903600143100217,oligodendrocyte_progenitor_2
482,2787889600317100019,oligodendrocyte_progenitor_2
483,2787445900697100153,oligodendrocyte_progenitor_2
484,2787445900132100112,oligodendrocyte_progenitor_2
485,2795903600115100108,MV_in_Gabra1
486,2707604000058100059,DH_ex_Reln/Npff
487,2707604700045100092,oligodendrocyte_progenitor_2
488,2707604800300100076,oligodendrocyte_progenitor_2
489,2945606900000003431,M_in_Tfap2b
490,2787445900764100091,oligodendrocyte_progenitor_2
491,2796212800463100136,oligodendrocyte_progenitor_2
492,2656144900288100082,DH_ex_Sox5
493,2787445900088100201,oligodendrocyte_progenitor_2
494,2707604700411100041,oligodendrocyte_progenitor_2
495,2795103300182100132,M_in_Tfap2b
496,2946331700000008099,oligodendrocyte_progenitor_2
497,2796212800625100108,oligodendrocyte_progenitor_2
498,2787445900596100029,oligodendrocyte_progenitor_2
499,2656144900210100220,astrocyte_1
500,2656144300210100180,oligodendrocyte_progenitor_2
501,2787889600023100184,oligodendrocyte_progenitor_2
502,2795103300347100069,MV_in_Gm26673
503,2656144900344200034,astrocyte_1
504,2795903600488200054,oligodendrocyte_progenitor_2
505,2946331700000020406,astrocyte_1
506,2787889600326100101,DH_in_Cdh3
507,2795903600269100056,oligodendrocyte_progenitor_2
508,2707737900147100131,oligodendrocyte_progenitor_2
509,2787445900549100057,DH_ex_Nmu/Tac2
510,2787445900363100109,MV_ex_Shox2
511,2656144900396100117,DH_in_Npy
512,2707604800120100121,MV_ex_Syt2
513,2787445900367100068,oligodendrocyte_progenitor_2
514,2656143800266100066,DH_ex_Nmu/Tac2
515,2787445900620100119,oligodendrocyte_progenitor_2
516,2787445900287100020,oligodendrocyte_progenitor_2
517,2946331700000013136,astrocyte_1
518,2796212800174200033,astrocyte_1
519,2787445900682100023,DH_ex_Nmu/Tac2
520,2787445900717100259,oligodendrocyte_progenitor_2
521,2787889600387100027,oligodendrocyte_progenitor_2
522,2795584800138100048,M_ex_Vsx2
523,2796212800954100037,DH_ex_Reln/Nmur2
524,2796212800656100013,oligodendrocyte_progenitor_2
525,2796212800980100181,DH_in_Rorb
526,2796212800563100072,oligodendrocyte_progenitor_2
527,2656144900565200005,astrocyte_1
528,2787889600385100039,oligodendrocyte_progenitor_2
529,2795584800347100131,oligodendrocyte_progenitor_2
530,2945606900000018196,oligodendrocyte_progenitor_2
531,2707604700272100061,oligodendrocyte_progenitor_2
532,2787889600169100011,oligodendrocyte_progenitor_2
533,2795903600614100101,oligodendrocyte_progenitor_2
534,2795584800494100046,oligodendrocyte_progenitor_2
535,2707604700248100112,oligodendrocyte_progenitor_2
536,2787889600166100085,oligodendrocyte_progenitor_2
537,2796212800945100124,cholinergic_interneuron
538,2945606900000012658,oligodendrocyte_progenitor_2
539,2796212800881100171,oligodendrocyte_progenitor_2
540,2795903600516100080,MV_in_Sema5b
541,2787445900686200056,oligodendrocyte_progenitor_2
542,2796212800747100330,DH_ex_Prkcg/Rxfp1
543,2707604700037100110,oligodendrocyte_progenitor_2
544,2796212800407100078,astrocyte_1
545,2707737900146100230,oligodendrocyte_progenitor_2
546,2787445900267100064,oligodendrocyte_progenitor_2
547,2656144900616100101,astrocyte_1
548,2787445900162100163,oligodendrocyte_progenitor_2
549,2945606900000017181,oligodendrocyte_progenitor_2
550,2656144900589100274,MV_in_Gm26673
551,2795584800700100078,alpha_motoneuron
552,2656144900558100076,astrocyte_1
553,2796212800593100302,oligodendrocyte_progenitor_2
554,2796212800780100136,oligodendrocyte_progenitor_2
555,2946331700000005008,oligodendrocyte_progenitor_2
556,2707604700364200132,M_ex_Vsx2
557,2787445900660100159,oligodendrocyte_progenitor_2
558,2726562800039100045,MV_in_Gm26673
559,2796212800979100244,oligodendrocyte_progenitor_2
560,2707604700086100104,oligodendrocyte_progenitor_2
561,2707604800082100213,oligodendrocyte_progenitor_2
562,2787445900131100119,DH_in_Npy
563,2707604700107100117,oligodendrocyte_progenitor_2
564,2795903600640100197,MV_in_Gabra1
565,2707604800199100015,oligodendrocyte_progenitor_2
566,2795103300445100066,M_in_Tfap2b
567,2796212800362100139,oligodendrocyte_progenitor_2
568,2787445900265100191,DH_in_Npy2r
569,2707604800162100025,oligodendrocyte_progenitor_2
570,2707604800424100113,oligodendrocyte_progenitor_2
571,2795103300233100215,DH_ex_Gpr83
572,2656144900584100073,astrocyte_1
573,2795103300346200080,oligodendrocyte_progenitor_2
574,2795584800174100059,oligodendrocyte_progenitor_2
575,2656144900395100116,astrocyte_1
576,2796212800264100143,MV_in_Esrrb
577,2787445900390100040,oligodendrocyte_progenitor_2
578,2795103300233100240,DH_in_Pdyn/Gal
579,2795903600185100128,oligodendrocyte_progenitor_2
580,2787445900691100035,oligodendrocyte_progenitor_2
581,2796212800376100075,astrocyte_1
582,2787445900241100098,oligodendrocyte_progenitor_2
583,2656144900289100234,astrocyte_1
584,2795103300371100149,oligodendrocyte_progenitor_2
585,2787445900682200034,oligodendrocyte_progenitor_2
586,2787445900363100060,MV_in_Esrrb
587,2787889600094100041,MV_ex_Syt2
588,2795903600481100038,oligodendrocyte_progenitor_2
589,2787445900265100031,oligodendrocyte_progenitor_2
590,2795103300367100209,DH_ex_Sox5
591,2796212800079100059,DM_ex_Zfhx3
592,2795903600515100116,oligodendrocyte_progenitor_2
593,2707604000110100093,DH_ex_Nmu/Tac2
594,2656143800052100261,oligodendrocyte_progenitor_2
595,2795903600429100025,oligodendrocyte_progenitor_2
596,2787889600397100201,oligodendrocyte_progenitor_2
597,2796212800430100025,oligodendrocyte_progenitor_2
598,2796212801012100091,DH_in_Cdh3
599,2707604700093200082,oligodendrocyte_progenitor_2
600,2707737900062100025,DH_in_Cdh3
601,2796212800430100073,oligodendrocyte_progenitor_2
602,2787889600413100051,oligodendrocyte_progenitor_2
603,2795584800493100169,DH_ex_Nmu/Tac2
604,2707604000071100253,oligodendrocyte_progenitor_2
605,2796212800396100240,MV_in_Esrrb
606,2787445900232100082,oligodendrocyte_progenitor_2
607,2787445900859100142,oligodendrocyte_progenitor_2
608,2707604000101100034,DH_in_Npy
609,2707604700081100111,MV_in_Gm26673
610,2796212800666100053,DH_ex_Sox5
611,2795584800448100151,DH_ex_Prkcg/Rxfp1
612,2796212800594100146,oligodendrocyte_progenitor_2
613,2787889600232100174,astrocyte_2
614,2787889600397100021,MV_in_Esrrb
615,2787445900361200127,oligodendrocyte_progenitor_2
616,2656143800390100227,DH_in_Pdyn
617,2795903600295100207,M_in_Tfap2b
618,2795903600353100060,MV_in_Gabra1
619,2796212800779100056,oligodendrocyte_progenitor_2
620,2656144900353100061,astrocyte_1
621,2787889600061100118,oligodendrocyte_progenitor_2
622,2787889600410100292,oligodendrocyte_progenitor_2
623,2795103300118100199,oligodendrocyte_progenitor_2
624,2945606900000003092,DH_ex_Nmu/Tac2
625,2707604000139100060,oligodendrocyte_progenitor_2
626,2787889600446100145,oligodendrocyte_progenitor_2
627,2795584800435100130,DH_ex_Nmu/Tac2
628,2787445900050100016,DH_ex_Nmu/Tac2
629,2656143800265100041,oligodendrocyte_progenitor_2
630,2656143800002100058,oligodendrocyte_progenitor_2
631,2796212800398100248,MV_ex_Syt2
632,2795103300143100101,oligodendrocyte_progenitor_2
633,2707604000153100060,M_ex_Vsx2
634,2796212800441100124,DH_ex_Sox5
635,2656144900166100245,M_ex_Vsx2
636,2787445900761100170,MV_in_Gabra1
637,2787889600377100093,oligodendrocyte_progenitor_2
638,2787445900290100066,oligodendrocyte_progenitor_2
639,2787445900402100078,oligodendrocyte_progenitor_2
640,2795584800400100368,oligodendrocyte_progenitor_2
641,2787445900715100089,oligodendrocyte_progenitor_2
642,2656144900165100034,M_in_Tfap2b
643,2795584800383100034,oligodendrocyte_progenitor_2
644,2795103300197200155,oligodendrocyte_progenitor_2
645,2787445900363100154,oligodendrocyte_2
646,2707604700317100199,oligodendrocyte_progenitor_2
647,2656144900236100214,DH_in_Cdh3
648,2795103300446100278,DH_ex_Reln/Nmur2
649,2787445900769100104,oligodendrocyte_progenitor_2
650,2726562700214100220,oligodendrocyte_progenitor_2
651,2656144900110100155,DH_ex_Sox5
652,2795584800671100101,alpha_motoneuron
653,2707737900088100072,oligodendrocyte_progenitor_2
654,2946331700000001636,oligodendrocyte_progenitor_2
655,2795584800169100219,oligodendrocyte_progenitor_2
656,2656143800367200107,oligodendrocyte_progenitor_2
657,2787889600546100178,oligodendrocyte_progenitor_2
658,2707604700015200014,oligodendrocyte_progenitor_2
659,2795903600168100288,oligodendrocyte_progenitor_2
660,2787445900225100073,DH_in_Npy2r
661,2787445900364100120,oligodendrocyte_progenitor_2
662,2795584800345100125,oligodendrocyte_progenitor_2
663,2707604700222100045,oligodendrocyte_progenitor_2
664,2787889600388100101,MV_in_Esrrb
665,2656143800189100094,oligodendrocyte_progenitor_2
666,2726544600191100258,MV_in_Sema5b
667,2795584800483100085,DH_ex_Reln/Nmur2
668,2787889600168200086,oligodendrocyte_progenitor_2
669,2656144900421100264,astrocyte_1
670,2795903600695100047,MV_in_Sema5b
671,2656144900590100018,astrocyte_1
672,2787889600373100113,DH_in_Rorb
673,2787445900362100044,MV_in_Gm26673
674,2656143800165100125,MV_in_Esrrb
675,2787445900752100108,MV_in_Gabra1
676,2787445900134100278,oligodendrocyte_progenitor_2
677,2795584800454100142,oligodendrocyte_progenitor_2
678,2656144900558100185,MV_in_Gm26673
679,2656144900589100292,M_in_Tfap2b
680,2946331700000010805,oligodendrocyte_progenitor_2
681,2795903600241100105,DM_ex_Zfhx3
682,2787889600132100153,alpha_motoneuron
683,2795903600212100046,oligodendrocyte_progenitor_2
684,2787889600399100115,oligodendrocyte_progenitor_2
685,2795903600353100061,MV_ex_Syt2
686,2656144900589100095,DH_ex_Reln
687,2787445900268100065,oligodendrocyte_progenitor_2
688,2787445900426100078,oligodendrocyte_progenitor_2
689,2787889600486100186,oligodendrocyte_progenitor_2
690,2787889600278100123,oligodendrocyte_progenitor_2
691,2656144900368100158,astrocyte_1
692,2796212800242100034,astrocyte_1
693,2795584800420100118,DM_ex_Zfhx3
694,2795584800672100080,M_ex_Vsx2
695,2707604800343100093,oligodendrocyte_progenitor_2
696,2787445900249100064,oligodendrocyte_progenitor_2
697,2796212800635100098,DH_ex_Nmu/Tac2
698,2796212800815100102,oligodendrocyte_progenitor_2
699,2707737900062100141,oligodendrocyte_progenitor_2
700,2787889600406100087,oligodendrocyte_progenitor_2
701,2707604700132100042,DH_ex_Nmu/Tac2
702,2796212800855100174,DM_ex_Zfhx3
703,2787445900431100107,oligodendrocyte_progenitor_2
704,2787445900898100037,MV_in_Gm26673
705,2796212800911100196,MV_in_Esrrb
706,2707604000056100153,DM_ex_Zfhx3
707,2707604800123100078,oligodendrocyte_progenitor_2
708,2945606900000006785,oligodendrocyte_progenitor_2
709,2795903600518100056,DH_in_Npy2r
710,2795903600518100076,oligodendrocyte_progenitor_2
711,2707604000069100042,oligodendrocyte_progenitor_2
712,2796212801044100225,oligodendrocyte_progenitor_2
713,2787445900253100208,DH_in_Cdh3
714,2795903600640100065,oligodendrocyte_progenitor_2
715,2656144900608100211,DH_in_Rorb
716,2707604800219100008,oligodendrocyte_progenitor_2
717,2795584800458100224,oligodendrocyte_progenitor_2
718,2707604000137100173,oligodendrocyte_progenitor_2
719,2796212800855100291,oligodendrocyte_progenitor_2
720,2707737900074100139,oligodendrocyte_progenitor_2
721,2787889600095200064,oligodendrocyte_progenitor_2
722,2707604800139100014,oligodendrocyte_progenitor_2
723,2796212800788100169,oligodendrocyte_progenitor_2
724,2707604700092100239,oligodendrocyte_progenitor_2
725,2707604800220100083,oligodendrocyte_progenitor_2
726,2707604700083100239,oligodendrocyte_progenitor_2
727,2796212800882100327,DH_ex_Nmu/Tac2
728,2787445900499100198,oligodendrocyte_progenitor_2
729,2796212800537100164,DH_ex_Reln/Nmur2
730,2707604000126100296,oligodendrocyte_progenitor_2
731,2656144300140100208,DH_in_Cdh3
732,2787445900511100097,DH_in_Npy
733,2656144900503100113,DH_ex_Sox5
734,2787445900395100051,alpha_motoneuron
735,2656143800469100211,oligodendrocyte_progenitor_2
736,2795903600348100051,oligodendrocyte_progenitor_2
737,2795903600437100130,M_in_Tfap2b
738,2796212800109100106,astrocyte_1
739,2707604700342100223,oligodendrocyte_progenitor_2
740,2707604700083100057,oligodendrocyte_progenitor_2
741,2945606900000016700,oligodendrocyte_progenitor_2
742,2656144300210100218,oligodendrocyte_progenitor_2
743,2796212800409100078,astrocyte_1
744,2795103300156100178,M_in_Tfap2b
745,2707604800424100127,DH_ex_Grp
746,2726562700100100076,alpha_motoneuron
747,2787445900224100126,oligodendrocyte_progenitor_2
748,2787445900286100143,oligodendrocyte_progenitor_2
749,2796212801010100070,oligodendrocyte_progenitor_2
750,2707604000086100122,DM_ex_Zfhx3
751,2795903600326100179,oligodendrocyte_progenitor_2
752,2787445900822100035,oligodendrocyte_progenitor_2
753,2707604700337100088,oligodendrocyte_progenitor_2
754,2787445900284100200,oligodendrocyte_progenitor_2
755,2656144900555100118,astrocyte_1
756,2795584800660100152,MV_in_Sema5b
757,2656144900263100100,astrocyte_1
758,2707604700339100155,oligodendrocyte_progenitor_2
759,2796212800409100146,astrocyte_1
760,2795103300148100027,alpha_motoneuron
761,2787889600414100154,M_in_Tfap2b
762,2787445900123100025,oligodendrocyte_progenitor_2
763,2707604000040100226,oligodendrocyte_progenitor_2
764,2787445900581100130,oligodendrocyte_progenitor_2
765,2945606900000001608,DH_ex_Nmu/Tac2
766,2656143800342100102,oligodendrocyte_progenitor_2
767,2946331700000002508,oligodendrocyte_progenitor_2
768,2707737900114100073,oligodendrocyte_progenitor_2
769,2946331700000018453,DH_ex_Sox5/Tac1
770,2787889600477100055,oligodendrocyte_progenitor_2
771,2656144900506100053,astrocyte_1
772,2796212800561100052,oligodendrocyte_progenitor_2
773,2787889600417100030,oligodendrocyte_progenitor_2
774,2787889600388200120,oligodendrocyte_progenitor_2
775,2795103300154100236,DH_in_Cdh3
776,2787445900249100018,oligodendrocyte_progenitor_2
777,2707604700061100258,oligodendrocyte_progenitor_2
778,2656144900085100028,DH_ex_Reln
779,2707737900048100176,oligodendrocyte_progenitor_2
780,2795103300165100019,oligodendrocyte_progenitor_2
781,2707604700082100096,oligodendrocyte_progenitor_2
782,2795584800493100156,DH_ex_Sox5/Tac1
783,2946331700000017623,astrocyte_1
784,2787445900720100031,oligodendrocyte_progenitor_2
785,2656143800344100066,alpha_motoneuron
786,2656143800417100095,oligodendrocyte_progenitor_2
787,2787445900125100016,DH_in_Pdyn
788,2707604000071100284,oligodendrocyte_progenitor_2
789,2787889600314100098,DM_ex_Zfhx3
790,2795584800448100198,oligodendrocyte_progenitor_2
791,2796212800625100159,oligodendrocyte_progenitor_2
792,2707604000126100073,oligodendrocyte_progenitor_2
793,2795584800413100080,MV_in_Gabra1
794,2707604700129100101,oligodendrocyte_progenitor_2
795,2656144900314100071,DH_in_Npy2r
796,2787889600056100152,oligodendrocyte_progenitor_2
797,2707604700389100080,oligodendrocyte_progenitor_2
798,2656144900141200078,alpha_motoneuron
799,2787445900264100169,DH_ex_Nmu/Tac2
800,2656144900515100196,astrocyte_1
801,2707604800404100252,DH_ex_Grp
802,2946331700000010644,astrocyte_1
803,2795903600059100089,DH_ex_Sox5
804,2795103300381100184,MV_in_Sema5b
805,2707604700228100076,oligodendrocyte_progenitor_2
806,2707604800140100127,oligodendrocyte_progenitor_2
807,2796212800664200142,DM_ex_Zfhx3
808,2707737900048100197,oligodendrocyte_progenitor_2
809,2656144900559200018,astrocyte_1
810,2656144900350100093,astrocyte_1
811,2707737900134100129,DH_ex_Gpr83
812,2787445900200100114,oligodendrocyte_progenitor_2
813,2787889600362100052,oligodendrocyte_progenitor_2
814,2656144900112100129,astrocyte_1
815,2795584800406100180,oligodendrocyte_progenitor_2
816,2787889600058100227,M_in_Tfap2b
817,2707604700203100014,oligodendrocyte_progenitor_2
818,2656144900423100112,alpha_motoneuron
819,2796212800142100283,DH_ex_Reln/Nmur2
820,2795584800226100154,DH_ex_Grpr
821,2787889600245100092,oligodendrocyte_progenitor_2
822,2946331700000017284,DH_ex_Gpr83
823,2946331700000001004,oligodendrocyte_progenitor_2
824,2795584800391100174,oligodendrocyte_progenitor_2
825,2946331700000021448,DH_ex_Nmu/Tac2
826,2707604700223100054,alpha_motoneuron
827,2707604800383100233,oligodendrocyte_progenitor_2
828,2707604700093100245,oligodendrocyte_progenitor_2
829,2796212800407200010,astrocyte_1
830,2796212800780100112,DH_in_Pdyn
831,2796212800880100141,oligodendrocyte_progenitor_2
832,2796212800792100394,oligodendrocyte_progenitor_2
833,2707737900086100049,oligodendrocyte_progenitor_2
834,2656143800419100218,oligodendrocyte_progenitor_2
835,2707604800239100017,oligodendrocyte_progenitor_2
836,2787445900464100152,oligodendrocyte_progenitor_2
837,2707604800363100221,MV_ex_Shox2
838,2795584800153100135,MV_in_Gm26673
839,2795584800138100227,MV_in_Esrrb
840,2707604700083100183,MV_in_Esrrb
841,2795584800655100096,oligodendrocyte_progenitor_2
842,2656143800128100144,DH_ex_Reln/Nmur2
843,2787445900283100067,oligodendrocyte_progenitor_2
844,2787445900686100212,DH_ex_Sox5/Tac1
845,2795584800493100125,DH_ex_Reln/Nmur2
846,2707604000071100252,oligodendrocyte_progenitor_2
847,2656143800216100034,oligodendrocyte_progenitor_2
848,2707604000110100299,DH_ex_Sox5/Tac1
849,2787445900720100050,oligodendrocyte_progenitor_2
850,2787445900200100064,oligodendrocyte_progenitor_2
851,2656144900530100224,MV_in_Gabra1
852,2795903600402100045,DH_ex_Prkcg/Rxfp1
853,2796212800954100155,oligodendrocyte_progenitor_2
854,2726544600432100103,oligodendrocyte_progenitor_2
855,2795584800435100342,DH_in_Pdyn/Gal
856,2787445900659100093,oligodendrocyte_progenitor_2
857,2795903600268100146,MV_ex_Syt2
858,2945606900000008107,oligodendrocyte_progenitor_2
859,2656143800190100036,MV_in_Gabra1
860,2787889600415100077,oligodendrocyte_progenitor_2
861,2796212800850100153,MV_in_Esrrb
862,2796212800242100065,DH_in_Cdh3
863,2795103300232100063,oligodendrocyte_progenitor_2
864,2707604000139100249,DM_ex_Zfhx3
865,2787445900396100022,MV_in_Gm26673
866,2795584800413100150,oligodendrocyte_progenitor_2
867,2795903600381100051,oligodendrocyte_progenitor_2
868,2946331700000012490,MV_ex_Syt2
869,2787445900395100176,oligodendrocyte_progenitor_2
870,2787889600023100120,DH_in_Npy
871,2787445900583100101,oligodendrocyte_progenitor_2
872,2795903600590100026,DH_in_Cdh3
873,2795903600567100087,oligodendrocyte_progenitor_2
874,2656144900641100132,astrocyte_1
875,2656144900343100325,astrocyte_1
876,2796212800635100193,DH_ex_Prkcg/Rxfp1
877,2707604800340100156,oligodendrocyte_progenitor_2
878,2795584800424100176,oligodendrocyte_progenitor_2
879,2656144900165100200,astrocyte_1
880,2656144900447100192,DH_ex_Nmu/Tac2
881,2707604800120100132,MV_in_Gm26673
882,2796212800585100012,MV_in_Gabra1
883,2707604700037100189,oligodendrocyte_progenitor_2
884,2707604800385100145,DH_ex_Nmu/Tac2
885,2795103300331100046,oligodendrocyte_progenitor_2
886,2707604000108100203,astrocyte_2
887,2726562700237100193,oligodendrocyte_progenitor_2
888,2787445900228100130,oligodendrocyte_progenitor_2
889,2707604000140100204,oligodendrocyte_progenitor_2
890,2795903600321100127,M_in_Tfap2b
891,2796212800440100038,astrocyte_1
892,2795103300165100054,oligodendrocyte_progenitor_2
893,2787445900098200015,DH_in_Npy2r
894,2796212800595100066,oligodendrocyte_progenitor_2
895,2945606900000008319,oligodendrocyte_progenitor_2
896,2787889600195100091,oligodendrocyte_progenitor_2
897,2796212800882200211,oligodendrocyte_progenitor_2
898,2787445900365100077,oligodendrocyte_progenitor_2
899,2796212800528100014,oligodendrocyte_progenitor_2
900,2795584800089200068,oligodendrocyte_progenitor_2
901,2796212800922100113,DH_in_Cdh3
902,2787889600093200137,oligodendrocyte_progenitor_2
903,2787889600058100039,oligodendrocyte_progenitor_2
904,2656144900110100204,astrocyte_1
905,2787445900793100053,oligodendrocyte_progenitor_2
906,2795903600353100292,MV_in_Gm26673
907,2707604800381100124,oligodendrocyte_progenitor_2
908,2795903600407100028,oligodendrocyte_progenitor_2
909,2656144900262100200,astrocyte_1
910,2796212800792100323,DH_ex_Nmu/Tac2
911,2946331700000005266,DH_in_Cdh3
912,2796212800759100147,DH_ex_Reln/Nmur2
913,2656144900341100041,astrocyte_1
914,2656143800216100211,MV_in_Gabra1
915,2787445900694100082,oligodendrocyte_progenitor_2
916,2787889600406100045,DH_ex_Reln/Nmur2
917,2795584800480100207,oligodendrocyte_progenitor_2
918,2707604700317100163,MV_ex_Syt2
919,2787889600231100121,oligodendrocyte_progenitor_2
920,2787445900387100161,DH_in_Rorb
921,2795584800421100150,oligodendrocyte_progenitor_2
922,2787889600243100135,DH_in_Npy
923,2796212800716100092,DH_in_Cdh3
924,2707604800082100188,DH_ex_Nmu/Tac2
925,2787889600444100091,MV_in_Sema5b
926,2726544600029100081,oligodendrocyte_progenitor_2
927,2795103300416100053,oligodendrocyte_progenitor_2
928,2656144900264100143,alpha_motoneuron
929,2795903600667100093,oligodendrocyte_progenitor_2
930,2787889600282100160,oligodendrocyte_progenitor_2
931,2787445900437100127,oligodendrocyte_progenitor_2
932,2787889600162100059,oligodendrocyte_progenitor_2
933,2787445900500100073,oligodendrocyte_progenitor_2
934,2796212800844100148,oligodendrocyte_progenitor_2
935,2707604700295100093,oligodendrocyte_progenitor_2
936,2787445900754100047,MV_in_Gm26673
937,2946331700000006427,M_in_Tfap2b
938,2707737900062100084,M_in_Tfap2b
939,2726562800141100059,alpha_motoneuron
940,2787445900715100145,oligodendrocyte_progenitor_2
941,2707604700133100059,oligodendrocyte_progenitor_2
942,2796212800570100117,DH_ex_Nmu/Tac2
943,2656143800417100068,oligodendrocyte_progenitor_2
944,2787445900360100120,oligodendrocyte_progenitor_2
945,2726544600273200041,oligodendrocyte_progenitor_2
946,2795584800436100181,oligodendrocyte_progenitor_2
947,2787445900366100021,oligodendrocyte_progenitor_2
948,2787445900620100132,MV_ex_Shox2
949,2796212800747100159,M_in_Tfap2b
950,2795903600505100039,alpha_motoneuron
951,2795103300445100047,oligodendrocyte_progenitor_2
952,2945606900000009765,oligodendrocyte_progenitor_2
953,2707604000086100307,DH_ex_Grp
954,2787889600354100162,oligodendrocyte_progenitor_2
955,2787445900895100074,MV_in_Gabra1
956,2946331700000010790,DH_in_Cdh3
957,2795103300157100115,oligodendrocyte_progenitor_2
958,2787445900860100149,MV_in_Sema5b
959,2787889600415100043,oligodendrocyte_progenitor_2
960,2707737900101100170,DH_in_Npy2r
961,2707737900064100072,DH_ex_Nmu/Tac2
962,2787889600582100221,oligodendrocyte_progenitor_2
963,2707604700340100065,oligodendrocyte_progenitor_2
964,2787445900823100127,DH_ex_Sox5/Tac1
965,2795903600159100263,DH_in_Cdh3
966,2707737900134100059,astrocyte_2
967,2796212800460100134,oligodendrocyte_progenitor_2
968,2795584800493100195,oligodendrocyte_progenitor_2
969,2795103300331100273,MV_in_Sema5b
970,2795584800353100088,oligodendrocyte_progenitor_2
971,2787445900095100147,DH_in_Cdh3
972,2795584800476100156,DH_in_Cdh3
973,2707737900049100034,oligodendrocyte_progenitor_2
974,2787445900291100081,oligodendrocyte_progenitor_2
975,2795584800173100154,oligodendrocyte_progenitor_2
976,2796212800812100100,DH_ex_Nmu/Tac2
977,2787445900896100070,oligodendrocyte_progenitor_2
978,2787445900387100245,DH_in_Npy2r
979,2707604000087100142,DH_ex_Gpr83
980,2795103300310200108,alpha_motoneuron
981,2787445900362200066,MV_in_Gabra1
982,2796212800207100195,M_ex_Vsx2
983,2656144900530200065,MV_in_Gabra1
984,2796212800822100032,MV_ex_Syt2
985,2787445900361100146,MV_in_Gabra1
986,2796212800854100087,MV_ex_Syt2
987,2656144900377100111,astrocyte_1
988,2795584800746100092,oligodendrocyte_progenitor_2
989,2795584800153100102,MV_in_Sema5b
990,2795903600328100026,oligodendrocyte_progenitor_2
991,2707604700226100186,oligodendrocyte_progenitor_2
992,2787889600168100081,oligodendrocyte_progenitor_2
993,2795103300120100273,oligodendrocyte_progenitor_2
994,2656144300172100036,alpha_motoneuron
995,2796212800486100149,alpha_motoneuron
996,2795584800714100098,DH_ex_Reln/Nmur2
997,2656144900562100261,DM_ex_Zfhx3
998,2795584800239100130,oligodendrocyte_progenitor_2
999,2795584800138100162,MV_ex_Shox2
1000,2946331700000003793,astrocyte_1
1001,2795903600490100089,oligodendrocyte_progenitor_2
1002,2707604800303100017,oligodendrocyte_progenitor_2
1003,2796212800296100236,oligodendrocyte_progenitor_2
1004,2656144900582100229,DH_ex_Sox5
1005,2796212800386100073,oligodendrocyte_progenitor_2
1006,2787889600396100208,oligodendrocyte_progenitor_2
1007,2946331700000018579,oligodendrocyte_progenitor_2
1008,2795903600427100219,oligodendrocyte_progenitor_2
1009,2656144300209100104,oligodendrocyte_progenitor_2
1010,2796212800336100096,oligodendrocyte_progenitor_2
1011,2656144900369100131,astrocyte_1
1012,2707604800242100072,oligodendrocyte_progenitor_2
1013,2795584800173100170,DH_in_Cdh3
1014,2707604700068100082,MV_in_Esrrb
1015,2707737900087100166,oligodendrocyte_progenitor_2
1016,2946331700000014060,DH_ex_Sox5
1017,2787445900289100273,oligodendrocyte_progenitor_2
1018,2796212800420100291,oligodendrocyte_progenitor_2
1019,2795103300234100058,oligodendrocyte_progenitor_2
1020,2787445900761100263,oligodendrocyte_progenitor_2
1021,2656143800103100162,MV_in_Gabra1
1022,2787445900299100190,MV_in_Gm26673
1023,2795584800708100142,oligodendrocyte_progenitor_2
1024,2787445900131100149,oligodendrocyte_progenitor_2
1025,2787445900132100036,oligodendrocyte_progenitor_2
1026,2946331700000019917,oligodendrocyte_progenitor_2
1027,2656144900396100086,astrocyte_1
1028,2796212800617100090,alpha_motoneuron
1029,2795903600670100063,oligodendrocyte_progenitor_2
1030,2787445900199100107,oligodendrocyte_progenitor_2
1031,2795903600479100196,oligodendrocyte_progenitor_2
1032,2787445900397100212,oligodendrocyte_progenitor_2
1033,2787889600314100236,MV_in_Gabra1
1034,2796212800375100062,astrocyte_1
1035,2707737900144200086,astrocyte_2
1036,2945606900000009969,oligodendrocyte_progenitor_2
1037,2787445900163100171,MV_in_Gabra1
1038,2656144900530100125,astrocyte_1
1039,2787889600195100129,oligodendrocyte_progenitor_2
1040,2795903600301100058,DH_ex_Gpr83
1041,2656143800004100055,oligodendrocyte_progenitor_2
1042,2707604700063100197,DH_in_Rorb
1043,2787889600546200018,oligodendrocyte_progenitor_2
1044,2707604000123100299,oligodendrocyte_progenitor_2
1045,2787445900755100198,oligodendrocyte_progenitor_2
1046,2707604700094100075,DH_in_Cdh3
1047,2656144900584100079,astrocyte_1
1048,2656144900584100046,astrocyte_1
1049,2656144900212100119,astrocyte_1
1050,2787445900135100149,oligodendrocyte_progenitor_2
1051,2946331700000001506,oligodendrocyte_progenitor_2
1052,2787889600096100139,oligodendrocyte_progenitor_2
1053,2707604000010100090,oligodendrocyte_progenitor_2
1054,2726543700140100081,MV_in_Gm26673
1055,2787445900361100293,oligodendrocyte_progenitor_2
1056,2787445900634100034,alpha_motoneuron
1057,2787445900246200070,oligodendrocyte_progenitor_2
1058,2787889600409100192,oligodendrocyte_progenitor_2
1059,2707604800242100115,oligodendrocyte_progenitor_2
1060,2656144900352100141,M_ex_Vsx2
1061,2787889600385100130,oligodendrocyte_progenitor_2
1062,2656144900114100133,astrocyte_1
1063,2946331700000012700,astrocyte_1
1064,2795584800129100094,alpha_motoneuron
1065,2795584800129100160,oligodendrocyte_progenitor_2
1066,2787889600093100187,oligodendrocyte_progenitor_2
1067,2787889600092100210,MV_ex_Shox2
1068,2787445900462100050,M_in_Tfap2b
1069,2795584800088100175,cholinergic_interneuron
1070,2787445900247100072,DH_in_Rorb
1071,2787445900090100097,oligodendrocyte_progenitor_2
1072,2795103300231100134,oligodendrocyte_progenitor_2
1073,2795903600481100043,oligodendrocyte_progenitor_2
1074,2796212800593100228,oligodendrocyte_progenitor_2
1075,2726543700130100085,oligodendrocyte_progenitor_2
1076,2796212800045100080,astrocyte_1
1077,2795584800676100133,oligodendrocyte_progenitor_2
1078,2795103300268200021,oligodendrocyte_progenitor_2
1079,2707604000093100046,oligodendrocyte_progenitor_2
1080,2946331700000018886,astrocyte_1
1081,2946331700000005246,oligodendrocyte_progenitor_2
1082,2707604000086100191,oligodendrocyte_progenitor_2
1083,2787889600280100043,DH_ex_Cpne4
1084,2796212801042200034,oligodendrocyte_progenitor_2
1085,2656143800102200074,oligodendrocyte_progenitor_2
1086,2795903600454200028,oligodendrocyte_progenitor_2
1087,2787445900804100236,oligodendrocyte_progenitor_2
1088,2707604700225100250,oligodendrocyte_progenitor_2
1089,2726543700195100076,oligodendrocyte_progenitor_2
1090,2707737900062100086,M_in_Tfap2b
1091,2656143800418100279,oligodendrocyte_progenitor_2
1092,2795584800086100021,oligodendrocyte_progenitor_2
1093,2656144900556200014,astrocyte_1
1094,2796212800635100179,DH_in_Cdh3
1095,2787445900301100045,DH_ex_Reln
1096,2787445900463100078,oligodendrocyte_progenitor_2
1097,2707604700069100091,oligodendrocyte_progenitor_2
1098,2945606900000006376,oligodendrocyte_progenitor_2
1099,2796212800951100152,oligodendrocyte_progenitor_2
1100,2946331700000015738,MV_ex_Syt2
1101,2787445900753100110,oligodendrocyte_progenitor_2
1102,2656143800215100139,MV_in_Gabra1
1103,2795584800422100126,MV_in_Gm26673
1104,2946331700000021378,astrocyte_2
1105,2787445900804100183,DH_in_Cdh3
1106,2726544600272100081,oligodendrocyte_progenitor_2
1107,2707737900020100247,oligodendrocyte_progenitor_2
1108,2656144300187100042,oligodendrocyte_progenitor_2
1109,2656143800390100215,DH_ex_Nmu/Tac2
1110,2726543700066100171,oligodendrocyte_progenitor_2
1111,2787445900770100006,oligodendrocyte_progenitor_2
1112,2787445900896200013,oligodendrocyte_progenitor_2
1113,2656143800468100017,oligodendrocyte_progenitor_2
1114,2795903600669100263,oligodendrocyte_progenitor_2
1115,2707737900099100240,oligodendrocyte_progenitor_2
1116,2656144900140100182,MV_in_Esrrb
1117,2656143800154200066,oligodendrocyte_progenitor_2
1118,2656143800055100196,alpha_motoneuron
1119,2796212800364100117,oligodendrocyte_progenitor_2
1120,2796212800914100071,DH_in_Rorb
1121,2796212800363100212,alpha_motoneuron
1122,2946331700000008902,astrocyte_1
1123,2787889600279100145,DH_in_Cdh3
1124,2707604000087100249,oligodendrocyte_progenitor_2
1125,2795584800389100235,M_in_Tfap2b
1126,2787445900263100107,DH_in_Cdh3
1127,2707604700250200203,DH_in_Pdyn/Gal
1128,2787889600449100144,oligodendrocyte_progenitor_2
1129,2787445900792100017,oligodendrocyte_progenitor_2
1130,2726562800059100033,oligodendrocyte_progenitor_2
1131,2795903600668100086,MV_in_Gm26673
1132,2787445900231100238,oligodendrocyte_progenitor_2
1133,2707604000139100082,oligodendrocyte_progenitor_2
1134,2795103300197100219,oligodendrocyte_progenitor_2
1135,2726562800178100102,oligodendrocyte_progenitor_2
1136,2796212800441100074,DM_ex_Zfhx3
1137,2795584800122100226,oligodendrocyte_progenitor_2
1138,2787445900619100218,oligodendrocyte_progenitor_2
1139,2787445900395100043,oligodendrocyte_progenitor_2
1140,2787889600444100207,M_ex_Vsx2
1141,2795584800347100078,oligodendrocyte_progenitor_2
1142,2795103300446100108,MV_in_Sema5b
1143,2796212800760100164,oligodendrocyte_progenitor_2
1144,2795584800701100034,oligodendrocyte_progenitor_2
1145,2795103300063100082,oligodendrocyte_progenitor_2
1146,2796212800519100273,oligodendrocyte_progenitor_2
1147,2656143800055100150,oligodendrocyte_progenitor_2
1148,2796212800489100081,MV_ex_Syt2
1149,2787889600094100075,M_in_Tfap2b
1150,2656144900211100146,astrocyte_1
1151,2707604800426100170,oligodendrocyte_progenitor_2
1152,2787889600369200031,oligodendrocyte_progenitor_2
1153,2707604700248100248,oligodendrocyte_progenitor_2
1154,2795103300130100099,oligodendrocyte_progenitor_2
1155,2795903600481100061,DH_ex_Grp
1156,2787445900093100093,DH_in_Pdyn
1157,2656144900581100067,astrocyte_1
1158,2796212800385100080,alpha_motoneuron
1159,2795584800240100230,oligodendrocyte_progenitor_2
1160,2795903600353100258,oligodendrocyte_progenitor_2
1161,2796212800978100230,MV_in_Gabra1
1162,2787445900204100030,oligodendrocyte_progenitor_2
1163,2707604800381100162,oligodendrocyte_progenitor_2
1164,2795103300368100134,DH_in_Npy
1165,2726544600455100121,oligodendrocyte_progenitor_2
1166,2787445900262100104,MV_in_Esrrb
1167,2795584800493100182,oligodendrocyte_progenitor_2
1168,2707604700318100131,MV_in_Gm26673
1169,2795103300410200006,oligodendrocyte_progenitor_2
1170,2795103300380100250,oligodendrocyte_progenitor_2
1171,2945606900000017147,oligodendrocyte_progenitor_2
1172,2796212800493100023,MV_in_Esrrb
1173,2656143800190100037,MV_in_Gm26673
1174,2707604700364100095,oligodendrocyte_progenitor_2
1175,2795584800201100025,oligodendrocyte_progenitor_2
1176,2787889600277100227,DH_ex_Nmu/Tac2
1177,2787445900289100128,oligodendrocyte_progenitor_2
1178,2707604700364100061,oligodendrocyte_progenitor_2
1179,2656144900541100223,astrocyte_1
1180,2726544600054100092,oligodendrocyte_progenitor_2
1181,2656144300146100072,oligodendrocyte_progenitor_2
1182,2946331700000010993,astrocyte_1
1183,2787445900194100170,oligodendrocyte_progenitor_2
1184,2787445900358100143,oligodendrocyte_progenitor_2
1185,2787445900252100084,DH_ex_Nmu/Tac2
1186,2707604000041100019,MV_ex_Syt2
1187,2707604800205100009,oligodendrocyte_progenitor_2
1188,2787445900657100020,MV_in_Gabra1
1189,2707737900007100180,DH_ex_Nmu/Tac2
1190,2795103300382100157,DH_ex_Reln/Npff
1191,2656144300188100193,DH_ex_Sox5/Tac1
1192,2795584800347100179,oligodendrocyte_progenitor_2
1193,2945606900000007950,DH_ex_Prkcg/Rxfp1
1194,2787445900395100077,alpha_motoneuron
1195,2795584800714100020,oligodendrocyte_progenitor_2
1196,2945606900000017217,oligodendrocyte_progenitor_2
1197,2707604700225100049,oligodendrocyte_progenitor_2
1198,2787889600441100046,MV_in_Gabra1
1199,2795903600293100033,oligodendrocyte_progenitor_2
1200,2656144900397100067,astrocyte_1
1201,2707604700226100136,oligodendrocyte_progenitor_2
1202,2787889600441100189,oligodendrocyte_progenitor_2
1203,2796212800617100020,MV_in_Gm26673
1204,2787445900013100045,DH_ex_Nmu/Tac2
1205,2787889600277100024,oligodendrocyte_progenitor_2
1206,2726562700215100144,oligodendrocyte_1
1207,2707737900118100035,oligodendrocyte_progenitor_2
1208,2787889600583100026,oligodendrocyte_progenitor_2
1209,2787445900357100042,oligodendrocyte_progenitor_2
1210,2787445900734100024,oligodendrocyte_progenitor_2
1211,2946331700000012630,DH_ex_Sox5
1212,2796212800947100112,oligodendrocyte_progenitor_2
1213,2795103300233100308,oligodendrocyte_progenitor_2
1214,2707604800079100069,oligodendrocyte_progenitor_2
1215,2787889600095100153,oligodendrocyte_progenitor_2
1216,2707604700086100149,DH_in_Npy2r
1217,2795584800238100181,DH_in_Pdyn
1218,2787445900205100026,oligodendrocyte_progenitor_2
1219,2796212800595100028,oligodendrocyte_progenitor_2
1220,2787445900677100190,MV_in_Sema5b
1221,2787889600318100099,oligodendrocyte_progenitor_2
1222,2946331700000021505,MV_in_Sema5b
1223,2795903600427100235,oligodendrocyte_progenitor_2
1224,2787445900246100115,oligodendrocyte_progenitor_2
1225,2796212800371200037,astrocyte_1
1226,2795584800450100183,oligodendrocyte_progenitor_2
1227,2656144900034100068,astrocyte_1
1228,2787445900859100243,oligodendrocyte_progenitor_2
1229,2945606900000014639,oligodendrocyte_progenitor_2
1230,2656144900420100115,astrocyte_1
1231,2946331700000001194,astrocyte_1
1232,2795103300188100036,oligodendrocyte_progenitor_2
1233,2656144900446100011,astrocyte_1
1234,2796212800849100156,oligodendrocyte_progenitor_2
1235,2795103300346100281,DM_ex_Zfhx3
1236,2795584800476100109,DH_ex_Nmu/Tac2
1237,2795903600301100280,DH_ex_Nmu/Tac2
1238,2795903600481100136,oligodendrocyte_progenitor_2
1239,2796212800375100185,astrocyte_1
1240,2787889600582100216,oligodendrocyte_progenitor_2
1241,2796212800954100042,oligodendrocyte_progenitor_2
1242,2726562700255100238,oligodendrocyte_1
1243,2787445900205100061,oligodendrocyte_progenitor_2
1244,2787889600420100086,oligodendrocyte_progenitor_2
1245,2795103300150100170,oligodendrocyte_progenitor_2
1246,2787445900426100184,oligodendrocyte_progenitor_2
1247,2796212800200100039,oligodendrocyte_progenitor_2
1248,2656143800393100175,oligodendrocyte_progenitor_2
1249,2656144900562100120,astrocyte_1
1250,2795584800457100183,oligodendrocyte_progenitor_2
1251,2787445900262100198,oligodendrocyte_progenitor_2
1252,2796212800626100189,oligodendrocyte_progenitor_2
1253,2795903600266100098,alpha_motoneuron
1254,2787445900323100207,MV_ex_Syt2
1255,2796212800110100023,astrocyte_1
1256,2795584800456200077,oligodendrocyte_progenitor_2
1257,2795903600320100275,oligodendrocyte_progenitor_2
1258,2787889600130100072,oligodendrocyte_progenitor_2
1259,2795103300180100080,oligodendrocyte_progenitor_2
1260,2945606900000008616,oligodendrocyte_progenitor_2
1261,2787445900804100209,oligodendrocyte_progenitor_2
1262,2707604700248100283,oligodendrocyte_progenitor_2
1263,2656144900368100129,astrocyte_1
1264,2787889600414100225,oligodendrocyte_progenitor_2
1265,2656144900211100059,MV_ex_Syt2
1266,2787445900265100089,oligodendrocyte_progenitor_2
1267,2656144900370100069,astrocyte_1
1268,2656144900452100079,astrocyte_1
1269,2796212800454100132,oligodendrocyte_progenitor_2
1270,2787445900252100247,DH_ex_Nmu/Tac2
1271,2707737900073100219,oligodendrocyte_progenitor_2
1272,2707737900063100048,DH_ex_Sox5/Tac1
1273,2796212800488100109,MV_in_Gabra1
1274,2787445900462200008,DH_ex_Sox5/Tac1
1275,2795584800458100111,DH_in_Pdyn/Gal
1276,2656143800468100209,DH_in_Pdyn
1277,2707604700063100142,DH_in_Cdh3
1278,2787445900231100094,oligodendrocyte_progenitor_2
1279,2796212800375100104,MV_in_Gabra1
1280,2795103300119100217,oligodendrocyte_progenitor_2
1281,2787445900859100111,M_in_Tfap2b
1282,2787889600348100166,oligodendrocyte_progenitor_2
1283,2707604800198200012,oligodendrocyte_progenitor_2
1284,2795103300368100162,oligodendrocyte_progenitor_2
1285,2787445900230100019,oligodendrocyte_progenitor_2
1286,2787889600415100178,astrocyte_2
1287,2787445900194100105,DH_ex_Nmu/Tac2
1288,2787445900636100247,oligodendrocyte_progenitor_2
1289,2796212800520100134,M_ex_Vsx2
1290,2656144900641100193,DH_ex_Nmu/Tac2
1291,2795903600355100207,DH_ex_Sox5
1292,2795584800175100183,DH_ex_Sox5
1293,2707604800119100205,oligodendrocyte_progenitor_2
1294,2946331700000001811,oligodendrocyte_progenitor_2
1295,2795584800224100133,oligodendrocyte_progenitor_2
1296,2707604700092100288,DM_ex_Zfhx3
1297,2787889600316100249,DM_ex_Zfhx3
1298,2946331700000000820,oligodendrocyte_progenitor_2
1299,2656144900088100106,alpha_motoneuron
1300,2796212800375100057,astrocyte_1
1301,2707604700250100155,oligodendrocyte_progenitor_2
1302,2656144900423100123,astrocyte_1
1303,2795584800457100069,oligodendrocyte_progenitor_2
1304,2656144900190100234,astrocyte_1
1305,2656144900589100115,MV_in_Esrrb
1306,2796212800912100100,oligodendrocyte_progenitor_2
1307,2787445900463100105,oligodendrocyte_progenitor_2
1308,2787445900548100046,oligodendrocyte_progenitor_2
1309,2787445900163100191,oligodendrocyte_progenitor_2
1310,2796212800530100090,DH_ex_Reln/Nmur2
1311,2787889600383100098,oligodendrocyte_progenitor_2
1312,2787445900804100198,DH_in_Cdh3
1313,2656144900087100158,astrocyte_1
1314,2796212800791100147,oligodendrocyte_progenitor_2
1315,2787445900861100063,oligodendrocyte_progenitor_2
1316,2795903600514100096,M_ex_Vsx2
1317,2946331700000004592,DH_ex_Reln
1318,2707604000027100135,oligodendrocyte_progenitor_2
1319,2707604700060100127,oligodendrocyte_progenitor_2
1320,2726544600430100108,oligodendrocyte_progenitor_2
1321,2787445900396100172,alpha_motoneuron
1322,2787889600348100059,oligodendrocyte_progenitor_2
1323,2787445900243100099,oligodendrocyte_progenitor_2
1324,2795103300108200027,oligodendrocyte_progenitor_2
1325,2795903600589100254,oligodendrocyte_progenitor_2
1326,2726562700140100059,MV_in_Gm26673
1327,2946331700000003636,astrocyte_1
1328,2656144900615100031,astrocyte_1
1329,2707604800143100192,oligodendrocyte_progenitor_2
1330,2795584800701100114,oligodendrocyte_progenitor_2
1331,2656144900530100146,M_in_Tfap2b
1332,2796212800231100156,oligodendrocyte_progenitor_2
1333,2656143800267100126,DH_ex_Nmu/Tac2
1334,2795584800389100236,oligodendrocyte_progenitor_2
1335,2787889600478100143,oligodendrocyte_progenitor_2
1336,2795584800175200068,DH_ex_Nmu/Tac2
1337,2707604700063100048,DH_ex_Sox5
1338,2656144900141100167,alpha_motoneuron
1339,2795903600170100084,DH_ex_Grpr
1340,2726543700131100217,DM_ex_Zfhx3
1341,2726544600055100073,oligodendrocyte_progenitor_2
1342,2787445900618100067,oligodendrocyte_progenitor_2
1343,2787445900725100219,oligodendrocyte_progenitor_2
1344,2787889600319100024,oligodendrocyte_progenitor_2
1345,2787889600160100037,oligodendrocyte_progenitor_2
1346,2707604700223100146,oligodendrocyte_progenitor_2
1347,2796212800111100156,astrocyte_1
1348,2707604000100100180,oligodendrocyte_progenitor_2
1349,2787889600281100128,DH_in_Npy
1350,2796212800393100039,oligodendrocyte_progenitor_2
1351,2796212800561100093,M_in_Tfap2b
1352,2795584800354100019,oligodendrocyte_progenitor_2
1353,2656143800078100225,oligodendrocyte_progenitor_2
1354,2656143800393100049,oligodendrocyte_progenitor_2
1355,2795103300379100035,oligodendrocyte_progenitor_2
1356,2707604700249100105,M_ex_Neurod2
1357,2796212800295100073,MV_in_Gabra1
1358,2787445900754100022,oligodendrocyte_progenitor_2
1359,2796212800979100210,DM_ex_Zfhx3
1360,2795903600266100105,oligodendrocyte_progenitor_2
1361,2787445900860100056,M_in_Tfap2b
1362,2707737900120100142,astrocyte_2
1363,2945606900000028409,oligodendrocyte_progenitor_2
1364,2795903600589100177,oligodendrocyte_progenitor_2
1365,2795103300230100046,oligodendrocyte_progenitor_2
1366,2787445900267100234,oligodendrocyte_progenitor_2
1367,2787445900303100172,M_ex_Vsx2
1368,2795103300126100158,oligodendrocyte_progenitor_2
1369,2796212800537100241,DH_ex_Cpne4
1370,2945606900000005271,oligodendrocyte_progenitor_2
1371,2787445900696100058,oligodendrocyte_progenitor_2
1372,2796212800789200124,oligodendrocyte_1
1373,2787889600164100013,oligodendrocyte_progenitor_2
1374,2707604700248100271,oligodendrocyte_progenitor_2
1375,2946331700000005958,DH_ex_Grpr
1376,2787445900621100173,oligodendrocyte_progenitor_2
1377,2796212800522100028,oligodendrocyte_progenitor_2
1378,2656143800416100067,oligodendrocyte_progenitor_2
1379,2946331700000018666,astrocyte_1
1380,2946331700000008155,DH_in_Cdh3
1381,2656143800190100019,oligodendrocyte_progenitor_2
1382,2707737900122100046,oligodendrocyte_progenitor_2
1383,2796212800980100285,DH_ex_Prkcg/Rxfp1
1384,2787889600360100061,DH_ex_Sox5/Tac1
1385,2656144300146100070,DH_in_Cdh3
1386,2945606900000017012,MV_ex_Syt2
1387,2787445900285100132,oligodendrocyte_progenitor_2
1388,2795103300190100078,oligodendrocyte_progenitor_2
1389,2787445900194100040,DH_ex_Sox5/Tac1
1390,2795903600428100027,oligodendrocyte_progenitor_2
1391,2787445900549100177,DH_in_Cdh3
1392,2656143800416100305,oligodendrocyte_progenitor_2
1393,2656143800443100142,oligodendrocyte_progenitor_2
1394,2787445900163100046,MV_ex_Syt2
1395,2787445900424100075,MV_in_Gabra1
1396,2787889600163100116,oligodendrocyte_progenitor_2
1397,2787889600416100022,oligodendrocyte_progenitor_2
1398,2787445900761100299,oligodendrocyte_progenitor_2
1399,2796212800792100088,DH_in_Cdh3
1400,2796212800907100026,oligodendrocyte_progenitor_2
1401,2707604000085100218,oligodendrocyte_progenitor_2
1402,2796212800423100070,DH_ex_Nmu/Tac2
1403,2787889600132100215,alpha_motoneuron
1404,2795103300232100144,DH_in_Cdh3
1405,2946331700000011299,astrocyte_1
1406,2787889600024100207,DH_ex_Grpr
1407,2707604800446100071,DH_in_Cdh3
1408,2946331700000000816,oligodendrocyte_progenitor_2
1409,2656143800128100253,oligodendrocyte_progenitor_2
1410,2787889600093100152,MV_in_Gm26673
1411,2656144900537100135,MV_in_Esrrb
1412,2707604700083100200,oligodendrocyte_progenitor_2
1413,2656144900582100098,DH_in_Cdh3
1414,2707604000057100291,oligodendrocyte_progenitor_2
1415,2787445900244100090,oligodendrocyte_progenitor_2
1416,2787445900224100166,oligodendrocyte_progenitor_2
1417,2795903600461100147,oligodendrocyte_progenitor_2
1418,2656144900403100070,DM_ex_Zfhx3
1419,2656143800028100109,oligodendrocyte_progenitor_2
1420,2656143800155100140,oligodendrocyte_progenitor_2
1421,2795584800421100235,MV_in_Gabra1
1422,2787445900253100150,DH_ex_Sox5/Tac1
1423,2707604700363100212,oligodendrocyte_progenitor_2
1424,2656143800155100053,oligodendrocyte_progenitor_2
1425,2787445900253100157,DH_in_Cdh3
1426,2707604700062100107,oligodendrocyte_progenitor_2
1427,2795584800448100123,oligodendrocyte_progenitor_2
1428,2787445900288100068,oligodendrocyte_progenitor_2
1429,2787445900823100161,DH_ex_Prkcg/Rxfp1
1430,2707604700248100139,MV_in_Gm26673
1431,2707604700059200076,oligodendrocyte_progenitor_2
1432,2796212800111100205,astrocyte_1
1433,2787889600326200025,DH_ex_Reln/Nmur2
1434,2656144900479100081,astrocyte_1
1435,2656143800130100117,alpha_motoneuron
1436,2796212800109100035,astrocyte_1
1437,2707604700274100067,oligodendrocyte_progenitor_2
1438,2787445900251100145,DH_ex_Reln/Nmur2
1439,2787445900094100073,DH_in_Pdyn
1440,2787445900194100096,oligodendrocyte_progenitor_2
1441,2946331700000008947,astrocyte_1
1442,2787445900194100093,DH_in_Npy2r
1443,2796212800811100162,oligodendrocyte_progenitor_2
1444,2707604700226100054,oligodendrocyte_progenitor_2
1445,2795584800225100213,DH_in_Npy2r
1446,2796212800788100036,oligodendrocyte_progenitor_2
1447,2726544200048100021,MV_in_Sema5b
1448,2796212800488100263,MV_in_Gabra1
1449,2796212800591100094,oligodendrocyte_progenitor_2
1450,2787445900095100127,DH_in_Rorb
1451,2795903600540100040,oligodendrocyte_progenitor_2
1452,2787445900622100147,oligodendrocyte_progenitor_2
1453,2787445900246100103,oligodendrocyte_progenitor_2
1454,2726562700233100112,DH_in_Npy
1455,2795903600439100074,oligodendrocyte_progenitor_2
1456,2787445900262100016,MV_ex_Syt2
1457,2787445900229100061,oligodendrocyte_progenitor_2
1458,2795584800419100194,oligodendrocyte_progenitor_2
1459,2707604800381100097,oligodendrocyte_progenitor_2
1460,2795103300109100069,MV_in_Gm26673
1461,2787445900285100163,DM_ex_Zfhx3
1462,2795584800189100234,oligodendrocyte_progenitor_2
1463,2656144900615100092,astrocyte_1
1464,2707604700131100143,DH_ex_Reln/Nmur2
1465,2787889600024100170,oligodendrocyte_progenitor_2
1466,2796212800537100199,DH_ex_Reln/Nmur2
1467,2707737900146100247,oligodendrocyte_progenitor_2
1468,2656144900350100181,DH_ex_Sox5
1469,2656144900558100139,astrocyte_1
1470,2795903600326100032,oligodendrocyte_progenitor_2
1471,2787445900090100047,DH_ex_Reln/Nmur2
1472,2726562700259100127,alpha_motoneuron
1473,2795584800423100049,oligodendrocyte_progenitor_2
1474,2707604000109100130,MV_in_Gm26673
1475,2707604700108100022,oligodendrocyte_progenitor_2
1476,2726562700140100108,MV_ex_Shox2
1477,2656144900484100084,astrocyte_1
1478,2787889600242100134,oligodendrocyte_progenitor_2
1479,2787445900432100060,oligodendrocyte_progenitor_2
1480,2707604700317100214,oligodendrocyte_progenitor_2
1481,2795584800427100044,oligodendrocyte_progenitor_2
1482,2796212800354200021,oligodendrocyte_progenitor_2
1483,2946331700000000777,oligodendrocyte_progenitor_2
1484,2796212800399100035,oligodendrocyte_progenitor_2
1485,2795584800101100159,oligodendrocyte_progenitor_2
1486,2795584800676100044,oligodendrocyte_progenitor_2
1487,2796212800431200039,oligodendrocyte_progenitor_2
1488,2787445900247100060,DH_in_Npy
1489,2945606900000028726,DH_in_Npy2r
1490,2656144900192100044,astrocyte_1
1491,2795103300400100117,DH_ex_Nmu/Tac2
1492,2796212800530100026,DH_in_Rorb
1493,2787889600023100228,DH_ex_Nmu/Tac2
1494,2795903600241100078,oligodendrocyte_progenitor_2
1495,2795903600293100067,MV_in_Gabra1
1496,2707604000040100114,oligodendrocyte_progenitor_2
1497,2946331700000002717,oligodendrocyte_progenitor_2
1498,2707604700361100068,oligodendrocyte_progenitor_2
1499,2707737900086100043,oligodendrocyte_progenitor_2
1500,2707737900113100073,oligodendrocyte_progenitor_2
1501,2795903600242100213,DH_ex_Reln/Nmur2
1502,2707604800263100100,DH_ex_Nmu/Tac2
1503,2726543700196100026,oligodendrocyte_progenitor_2
1504,2656143800052100357,DH_ex_Gpr83
1505,2795103300229100067,oligodendrocyte_progenitor_2
1506,2787445900013100052,DH_ex_Nmu/Tac2
1507,2787445900822100065,oligodendrocyte_progenitor_2
1508,2796212800242100067,DH_ex_Nmu/Tac2
1509,2945606900000028446,DH_ex_Reln/Nmur2
1510,2796212800594100169,DH_ex_Reln/Nmur2
1511,2796212800746100250,oligodendrocyte_progenitor_2
1512,2946331700000001677,oligodendrocyte_progenitor_2
1513,2787889600230100127,oligodendrocyte_progenitor_2
1514,2787889600348100056,oligodendrocyte_progenitor_2
1515,2796212800627200009,DH_ex_Nmu/Tac2
1516,2796212800488100063,oligodendrocyte_progenitor_2
1517,2656144900515100061,astrocyte_1
1518,2656144900394100168,astrocyte_1
1519,2656144900378100177,DH_ex_Reln/Nmur2
1520,2787889600092200066,oligodendrocyte_progenitor_2
1521,2787445900169100223,oligodendrocyte_progenitor_2
1522,2946331700000012578,DH_ex_Reln/Nmur2
1523,2945606900000000587,oligodendrocyte_progenitor_2
1524,2787445900723100114,oligodendrocyte_progenitor_2
1525,2707604700201100155,oligodendrocyte_progenitor_2
1526,2787889600023100122,DH_ex_Nmu/Tac2
1527,2795584800421100194,oligodendrocyte_progenitor_2
1528,2945606900000004879,oligodendrocyte_progenitor_2
1529,2707604700063100201,oligodendrocyte_progenitor_2
1530,2795584800421100188,oligodendrocyte_progenitor_2
1531,2656144900325100275,MV_in_Gabra1
1532,2787445900132100187,oligodendrocyte_progenitor_2
1533,2945606900000014564,DH_ex_Prkcg/Rxfp1
1534,2787889600411100164,oligodendrocyte_progenitor_2
1535,2795903600479100272,MV_in_Gm26673
1536,2787889600385100116,oligodendrocyte_progenitor_2
1537,2796212800110100116,MV_in_Esrrb
1538,2787445900090200070,oligodendrocyte_progenitor_2
1539,2656144900110100165,astrocyte_1
1540,2656143800027100074,DH_ex_Nmu/Tac2
1541,2707737900074200046,oligodendrocyte_progenitor_2
1542,2795584800385100111,alpha_motoneuron
1543,2726543700466100135,M_in_Tfap2b
1544,2707604700044100098,oligodendrocyte_progenitor_2
1545,2707604000110100169,MV_ex_Syt2
1546,2787445900619100112,MV_in_Gabra1
1547,2796212801012100180,DH_ex_Nmu/Tac2
1548,2656144300108100179,MV_ex_Syt2
1549,2726543700465100247,oligodendrocyte_progenitor_2
1550,2787889600441100082,DM_ex_Zfhx3
1551,2656144300211100063,MV_in_Gabra1
1552,2795903600033100188,DH_in_Cdh3
1553,2795103300085100150,alpha_motoneuron
1554,2795584800185100268,DH_ex_Reln/Nmur2
1555,2795584800174100110,MV_in_Gabra1
1556,2796212800398100286,DH_in_Cdh3
1557,2795903600464100153,MV_ex_Syt2
1558,2946331700000014237,astrocyte_1
1559,2795103300447100018,oligodendrocyte_progenitor_2
1560,2795903600211100222,MV_ex_Shox2
1561,2795584800237100047,oligodendrocyte_progenitor_2
1562,2796212800333100081,DH_ex_Reln/Nmur2
1563,2787445900304200051,oligodendrocyte_progenitor_2
1564,2787889600408200129,oligodendrocyte_progenitor_2
1565,2787445900549100104,DH_ex_Nmu/Tac2
1566,2787889600278100104,oligodendrocyte_progenitor_2
1567,2656144900503100175,DH_in_Cdh3
1568,2795103300407100074,oligodendrocyte_progenitor_2
1569,2787445900544100054,DH_in_Npy2r
1570,2656144300129100155,astrocyte_2
1571,2787445900361100307,MV_in_Gabra1
1572,2656144900558100127,astrocyte_1
1573,2707604000100100107,oligodendrocyte_progenitor_2
1574,2787445900097100212,DH_in_Npy2r
1575,2707604800221100076,DH_ex_Nmu/Tac2
1576,2726544600030100067,oligodendrocyte_progenitor_2
1577,2946331700000020398,astrocyte_1
1578,2656144900138100047,MV_in_Esrrb
1579,2795903600435100172,oligodendrocyte_progenitor_2
1580,2946331700000009181,astrocyte_1
1581,2796212800882100289,DH_in_Rorb
1582,2726562800222100140,oligodendrocyte_progenitor_2
1583,2656144900033100012,astrocyte_1
1584,2707604700223100099,MV_in_Gm26673
1585,2795584800709100193,M_in_Tfap2b
1586,2795584800185100033,oligodendrocyte_progenitor_2
1587,2656144900217100078,astrocyte_1
1588,2656144900531100204,astrocyte_1
1589,2656144300102200021,astrocyte_2
1590,2795103300195100228,oligodendrocyte_progenitor_2
1591,2707604700203100105,oligodendrocyte_progenitor_2
1592,2656144900641100302,DH_ex_Reln/Npff
1593,2795584800708100157,VH_in_Chat
1594,2656144900510100063,astrocyte_1
1595,2946331700000021594,DH_ex_Reln/Nmur2
1596,2787445900897100045,oligodendrocyte_progenitor_2
1597,2787445900327100083,oligodendrocyte_progenitor_2
1598,2796212800047100091,astrocyte_1
1599,2707604000039100134,MV_in_Gabra1
1600,2795584800139100086,M_ex_Vsx2
1601,2787889600023100083,DH_ex_Sox5
1602,2787445900550100248,oligodendrocyte_progenitor_2
1603,2787445900232100076,oligodendrocyte_progenitor_2
1604,2707604000109100034,oligodendrocyte_progenitor_2
1605,2795584800588100144,MV_in_Gm26673
1606,2707737900088100173,oligodendrocyte_progenitor_2
1607,2946331700000002188,astrocyte_1
1608,2787889600024100199,DH_ex_Nmu/Tac2
1609,2796212800626100087,DH_ex_Sox5
1610,2707737900112100060,oligodendrocyte_progenitor_2
1611,2945606900000016939,DH_in_Npy
1612,2795584800436100312,DH_ex_Reln/Nmur2
1613,2656144900190100146,MV_ex_Syt2
1614,2795903600518200016,DH_ex_Reln/Nmur2
1615,2707604700083100085,oligodendrocyte_progenitor_2
1616,2707604800123100010,oligodendrocyte_progenitor_2
1617,2787889600512100107,oligodendrocyte_progenitor_2
1618,2796212800747100206,M_in_Tfap2b
1619,2795584800124100266,DH_ex_Reln/Nmur2
1620,2787889600450100054,oligodendrocyte_progenitor_2
1621,2795584800450100137,DH_in_Rorb
1622,2656143800215100183,oligodendrocyte_progenitor_2
1623,2796212800591100091,oligodendrocyte_progenitor_2
1624,2795903600438100058,DH_ex_Nmu/Tac2
1625,2796212800919100170,oligodendrocyte_progenitor_2
1626,2707604000011200049,oligodendrocyte_progenitor_2
1627,2707604000140200099,DH_in_Rorb
1628,2787445900361100108,MV_in_Gabra1
1629,2656144900186100075,astrocyte_1
1630,2656144900590100017,astrocyte_1
1631,2787445900244100148,oligodendrocyte_progenitor_2
1632,2946331700000001655,MV_ex_Shox2
1633,2787445900398100051,oligodendrocyte_progenitor_2
1634,2707604700389100180,DH_ex_Sox5/Tac1
1635,2787445900432100030,oligodendrocyte_progenitor_2
1636,2796212800397100172,M_in_Tfap2b
1637,2795903600461100204,alpha_motoneuron
1638,2945606900000006450,oligodendrocyte_progenitor_2
1639,2795903600543100098,oligodendrocyte_progenitor_2
1640,2707604800425100164,DH_ex_Reln/Nmur2
1641,2795903600453100238,oligodendrocyte_progenitor_2
1642,2946331700000006323,DH_ex_Reln
1643,2796212800887100119,oligodendrocyte_progenitor_2
1644,2787445900686100169,DH_ex_Nmu/Tac2
1645,2707604800425100050,oligodendrocyte_progenitor_2
1646,2796212800263100081,oligodendrocyte_progenitor_2
1647,2656144900190100251,DH_in_Cdh3
1648,2787445900389100023,DH_ex_Reln
1649,2707604000057100135,oligodendrocyte_progenitor_2
1650,2707737900086200064,oligodendrocyte_progenitor_2
1651,2787889600316100109,oligodendrocyte_progenitor_2
1652,2787445900731100096,oligodendrocyte_progenitor_2
1653,2656144900537100184,astrocyte_1
1654,2945606900000014563,DH_in_Rorb
1655,2787445900470100023,oligodendrocyte_progenitor_2
1656,2787445900509100057,oligodendrocyte_progenitor_2
1657,2795903600427100230,oligodendrocyte_progenitor_2
1658,2707604000040100076,alpha_motoneuron
1659,2707604800382100014,oligodendrocyte_progenitor_2
1660,2787889600349100058,DM_ex_Zfhx3
1661,2656144900377100049,DH_ex_Gpr83
1662,2795103300365200134,oligodendrocyte_progenitor_2
1663,2795903600168100180,oligodendrocyte_progenitor_2
1664,2787445900425100099,M_in_Tfap2b
1665,2787445900389100067,oligodendrocyte_progenitor_2
1666,2787445900254200089,oligodendrocyte_progenitor_2
1667,2707737900049100093,DH_ex_Reln
1668,2796212800778100086,oligodendrocyte_progenitor_2
1669,2656144900209100090,DH_in_Rorb
1670,2656143800028100154,oligodendrocyte_progenitor_2
1671,2787445900051100222,oligodendrocyte_progenitor_2
1672,2795903600488100175,MV_in_Gabra1
1673,2795584800345100190,alpha_motoneuron
1674,2796212800375100029,MV_in_Gm26673
1675,2946331700000002653,DH_in_Pdyn/Gal
1676,2796212800887100250,oligodendrocyte_progenitor_2
1677,2656144900237100277,DM_ex_Zfhx3
1678,2796212800914100241,M_in_Tfap2b
1679,2656143800443100031,oligodendrocyte_progenitor_2
1680,2795903600670100251,oligodendrocyte_progenitor_2
1681,2796212800747100073,oligodendrocyte_progenitor_2
1682,2787445900549100231,DH_in_Cdh3
1683,2795903600518100154,oligodendrocyte_progenitor_2
1684,2707737900146100209,oligodendrocyte_progenitor_2
1685,2656143800443100122,oligodendrocyte_progenitor_2
1686,2795584800139100067,oligodendrocyte_progenitor_2
1687,2787445900395100048,oligodendrocyte_progenitor_2
1688,2707737900075100092,oligodendrocyte_progenitor_2
1689,2795584800173100033,MV_in_Gm26673
1690,2787445900696100118,oligodendrocyte_progenitor_2
1691,2796212800208100094,MV_in_Sema5b
1692,2656144900396100033,MV_ex_Shox2
1693,2707604800284100079,oligodendrocyte_progenitor_2
1694,2946331700000005002,oligodendrocyte_progenitor_2
1695,2707604000123100097,oligodendrocyte_progenitor_2
1696,2707737900008100172,MV_in_Esrrb
1697,2656143800216100089,oligodendrocyte_progenitor_2
1698,2796212800812100119,oligodendrocyte_progenitor_2
1699,2796212800914100063,oligodendrocyte_progenitor_2
1700,2726544200025100051,oligodendrocyte_progenitor_2
1701,2795584800415100050,oligodendrocyte_progenitor_2
1702,2787445900761100145,oligodendrocyte_progenitor_2
1703,2795584800224100064,DH_ex_Nmu/Tac2
1704,2787445900364100139,oligodendrocyte_progenitor_2
1705,2945606900000016673,oligodendrocyte_progenitor_2
1706,2656144900217100159,DH_ex_Reln/Nmur2
1707,2656143800444100066,visceral_motoneuron
1708,2946331700000004853,MV_in_Sema5b
1709,2795903600490100110,MV_in_Gabra1
1710,2795903600379100119,oligodendrocyte_progenitor_2
1711,2656144900564100067,astrocyte_1
1712,2707737900084100050,oligodendrocyte_progenitor_2
1713,2707604700387100044,oligodendrocyte_progenitor_2
1714,2656144900503100273,DH_ex_Grp
1715,2787445900550100123,DH_ex_Grpr
1716,2707604000095100190,DH_in_Pdyn
1717,2946331700000021392,oligodendrocyte_progenitor_2
1718,2707604700200100034,oligodendrocyte_progenitor_2
1719,2656144900315100168,astrocyte_1
1720,2795584800386100197,oligodendrocyte_progenitor_2
1721,2787889600314100222,DH_in_Npy2r
1722,2796212800945100220,oligodendrocyte_progenitor_2
1723,2787889600383100115,oligodendrocyte_progenitor_2
1724,2796212800822100118,oligodendrocyte_progenitor_2
1725,2795584800189100217,MV_ex_Syt2
1726,2787889600196100032,oligodendrocyte_progenitor_2
1727,2656144300146100075,DH_ex_Tac2
1728,2656144900511100116,astrocyte_1
1729,2796212800488100232,oligodendrocyte_progenitor_2
1730,2787445900225100023,DH_in_Pdyn
1731,2707604700131100201,oligodendrocyte_progenitor_2
1732,2787445900050100037,oligodendrocyte_progenitor_2
1733,2656144900516100156,astrocyte_1
1734,2796212800231100078,oligodendrocyte_progenitor_2
1735,2795584800377100095,oligodendrocyte_progenitor_2
1736,2946331700000017424,oligodendrocyte_progenitor_2
1737,2796212800536100057,astrocyte_1
1738,2795103300191100053,DH_in_Cdh3
1739,2795584800639100069,oligodendrocyte_progenitor_2
1740,2726562700238100131,MV_in_Gm26673
1741,2787445900401100042,oligodendrocyte_progenitor_2
1742,2795584800087100216,MV_in_Gabra1
1743,2795103300345100047,MV_in_Esrrb
1744,2795584800479100028,oligodendrocyte_progenitor_2
1745,2726544600377100100,oligodendrocyte_progenitor_2
1746,2787445900798100023,oligodendrocyte_progenitor_2
1747,2787445900095100025,oligodendrocyte_progenitor_2
1748,2707737900021100234,oligodendrocyte_progenitor_2
1749,2656144900263100169,astrocyte_1
1750,2787889600132100014,oligodendrocyte_progenitor_2
1751,2796212800521100178,MV_ex_Shox2
1752,2787445900358200100,oligodendrocyte_progenitor_2
1753,2795103300119100079,MV_in_Gm26673
1754,2707737900101100236,DH_in_Npy
1755,2796212800716100150,oligodendrocyte_progenitor_2
1756,2796212800337100196,oligodendrocyte_progenitor_2
1757,2796212800789100257,oligodendrocyte_progenitor_2
1758,2787445900128100079,oligodendrocyte_progenitor_2
1759,2656144900187100072,astrocyte_1
1760,2656144900209100207,astrocyte_1
1761,2707604000042100242,DH_in_Npy
1762,2796212800396100245,MV_in_Gabra1
1763,2707604000108100160,oligodendrocyte_progenitor_2
1764,2796212800520100022,oligodendrocyte_progenitor_2
1765,2946331700000004749,oligodendrocyte_progenitor_2
1766,2946331700000004297,DH_ex_Gpr83
1767,2656143800443100159,oligodendrocyte_progenitor_2
1768,2796212800855100308,cholinergic_interneuron
1769,2787445900090100146,DH_ex_Reln
1770,2795903600294100032,oligodendrocyte_progenitor_2
1771,2656144900236100223,DH_in_Cdh3
1772,2795584800435100182,DH_in_Npy2r
1773,2795903600518100107,DH_in_Npy2r
1774,2945606900000029658,oligodendrocyte_progenitor_2
1775,2707604000041100148,MV_ex_Syt2
1776,2787889600132100209,alpha_motoneuron
1777,2795903600455100056,DH_in_Pdyn/Gal
1778,2726544600004100136,alpha_motoneuron
1779,2707604800102100210,MV_in_Gabra1
1780,2707737900145100123,MV_in_Esrrb
1781,2945606900000006757,oligodendrocyte_progenitor_2
1782,2787445900694100072,M_ex_Vsx2
1783,2795103300195100043,oligodendrocyte_progenitor_2
1784,2707604700132100310,DH_ex_Sox5/Tac1
1785,2787445900162100151,MV_ex_Syt2
1786,2707737900133100066,astrocyte_2
1787,2787889600128100080,oligodendrocyte_progenitor_2
1788,2656143800052100237,oligodendrocyte_progenitor_2
1789,2787445900724100177,oligodendrocyte_progenitor_2
1790,2795584800417100056,oligodendrocyte_progenitor_2
1791,2787445900229100025,oligodendrocyte_progenitor_2
1792,2796212800297100291,DH_ex_Reln/Nmur2
1793,2707604700341100030,M_ex_Vsx2
1794,2656144900617100099,astrocyte_1
1795,2795903600438200018,oligodendrocyte_progenitor_2
1796,2787889600057200100,oligodendrocyte_progenitor_2
1797,2796212800585100088,oligodendrocyte_progenitor_2
1798,2707604700060100096,MV_in_Gm26673
1799,2795903600352100096,MV_ex_Shox2
1800,2787445900172100058,oligodendrocyte_progenitor_2
1801,2795903600142100286,oligodendrocyte_progenitor_2
1802,2787445900362100156,MV_ex_Shox2
1803,2707604800098100012,oligodendrocyte_progenitor_2
1804,2795903600641200160,oligodendrocyte_progenitor_2
1805,2787889600094100197,MV_in_Gm26673
1806,2946331700000006691,oligodendrocyte_progenitor_2
1807,2787445900324100174,oligodendrocyte_progenitor_2
1808,2726544600056100177,oligodendrocyte_progenitor_2
1809,2656144900557100265,astrocyte_1
1810,2795103300132100026,oligodendrocyte_progenitor_2
1811,2787889600096200067,oligodendrocyte_progenitor_2
1812,2946331700000022215,DH_in_Pdyn
1813,2946331700000019027,MV_in_Gm26673
1814,2787445900398100119,oligodendrocyte_progenitor_2
1815,2795584800493100052,oligodendrocyte_progenitor_2
1816,2787889600132100053,oligodendrocyte_progenitor_2
1817,2726544200036100228,oligodendrocyte_progenitor_2
1818,2656144900557100230,astrocyte_1
1819,2787445900095100088,DH_ex_Reln/Nmur2
1820,2726543700401100100,oligodendrocyte_progenitor_2
1821,2787445900717200149,oligodendrocyte_progenitor_2
1822,2707604000026100108,oligodendrocyte_progenitor_2
1823,2787889600450100228,M_ex_Vsx2
1824,2787445900329100050,oligodendrocyte_progenitor_2
1825,2795903600695100056,oligodendrocyte_progenitor_2
1826,2795903600668100205,oligodendrocyte_progenitor_2
1827,2795584800420100200,oligodendrocyte_progenitor_2
1828,2787445900389100137,MV_ex_Syt2
1829,2787445900013100060,oligodendrocyte_progenitor_2
1830,2796212800212100037,DH_in_Pdyn
1831,2707604700367200097,oligodendrocyte_progenitor_2
1832,2656144900314100152,DH_ex_Nmu/Tac2
1833,2796212800601200122,MV_in_Sema5b
1834,2796212800759100124,oligodendrocyte_progenitor_2
1835,2787889600446100089,oligodendrocyte_progenitor_2
1836,2787445900132100181,DM_ex_Zfhx3
1837,2795103300155100079,DH_ex_Gpr83
1838,2656144900110100138,oligodendrocyte_progenitor_2
1839,2796212800142100209,DH_ex_Reln/Nmur2
1840,2707737900100100216,oligodendrocyte_progenitor_2
1841,2795103300084100051,MV_in_Gm26673
1842,2787889600581100212,M_in_Tfap2b
1843,2787889600097100082,oligodendrocyte_progenitor_2
1844,2795103300120100034,oligodendrocyte_progenitor_2
1845,2787445900501100090,oligodendrocyte_progenitor_2
1846,2707604700410100044,oligodendrocyte_progenitor_2
1847,2656144900210100160,astrocyte_1
1848,2787445900226100156,DM_ex_Zfhx3
1849,2707604800082100227,DH_in_Npy2r
1850,2795903600644100274,DH_ex_Nmu/Tac2
1851,2787889600231100039,oligodendrocyte_progenitor_2
1852,2795584800623100047,oligodendrocyte_progenitor_2
1853,2796212800954100076,DH_ex_Reln/Nmur2
1854,2945606900000001441,DH_ex_Reln/Nmur2
1855,2656144900589100094,astrocyte_1
1856,2787445900322100065,M_in_Tfap2b
1857,2787889600195100055,DH_in_Cdh3
1858,2787889600398100081,oligodendrocyte_progenitor_2
1859,2787889600547100121,M_ex_Vsx2
1860,2656143800053100096,MV_ex_Syt2
1861,2787445900654100035,oligodendrocyte_progenitor_2
1862,2796212800522100057,DH_ex_Reln
1863,2656144900558100070,astrocyte_1
1864,2656143800129100148,oligodendrocyte_progenitor_2
1865,2796212800855100335,MV_in_Gabra1
1866,2795903600326100180,MV_in_Esrrb
1867,2787445900790100136,oligodendrocyte_progenitor_2
1868,2707604700059100135,oligodendrocyte_progenitor_2
1869,2796212800780100067,oligodendrocyte_progenitor_2
1870,2656143800415100020,oligodendrocyte_progenitor_2
1871,2795584800087100201,MV_in_Gm26673
1872,2707604000154100063,oligodendrocyte_progenitor_2
1873,2787445900583100242,MV_in_Gabra1
1874,2787445900618100082,oligodendrocyte_progenitor_2
1875,2787445900254100137,oligodendrocyte_progenitor_2
1876,2787889600445100160,oligodendrocyte_progenitor_2
1877,2787445900717100020,DH_in_Cdh3
1878,2795584800492100055,DH_ex_Sox5/Tac1
1879,2707604700248100132,oligodendrocyte_progenitor_2
1880,2726562800117100019,oligodendrocyte_progenitor_2
1881,2656144900343100142,astrocyte_1
1882,2656143800393100252,M_ex_Vsx2
1883,2707737900061100033,M_ex_Vsx2
1884,2795103300120100246,cholinergic_interneuron
1885,2656144300148100250,DM_ex_Zfhx3
1886,2787889600311100183,oligodendrocyte_progenitor_2
1887,2787889600349100088,MV_in_Gabra1
1888,2796212800462100025,oligodendrocyte_progenitor_2
1889,2707604800364100186,DH_ex_Grpr
1890,2795903600517100179,MV_ex_Syt2
1891,2787445900658100165,oligodendrocyte_progenitor_2
1892,2787889600406100221,MV_ex_Syt2
1893,2796212800452200035,oligodendrocyte_progenitor_2
1894,2795584800168100107,oligodendrocyte_progenitor_2
1895,2787445900324100199,M_in_Tfap2b
1896,2796212800486100065,alpha_motoneuron
1897,2656143800128100263,MV_ex_Syt2
1898,2787445900694100122,oligodendrocyte_progenitor_2
1899,2795903600346100223,alpha_motoneuron
1900,2796212800355100031,DH_ex_Reln
1901,2787445900396100119,alpha_motoneuron
1902,2656144900563100109,astrocyte_1
1903,2795584800412100026,oligodendrocyte_progenitor_2
1904,2787889600374100080,oligodendrocyte_progenitor_2
1905,2787445900619100113,oligodendrocyte_progenitor_2
1906,2795584800458100129,DH_ex_Nmu/Tac2
1907,2787889600058100125,oligodendrocyte_progenitor_2
1908,2795584800162100098,oligodendrocyte_progenitor_2
1909,2946331700000012651,DH_in_Rorb
1910,2795584800238100104,oligodendrocyte_progenitor_2
1911,2795103300232100131,oligodendrocyte_progenitor_2
1912,2796212800920100172,MV_in_Gabra1
1913,2787445900321100089,oligodendrocyte_progenitor_2
1914,2656144900342200051,DH_ex_Reln/Nmur2
1915,2787445900229200143,oligodendrocyte_progenitor_2
1916,2796212800535100049,astrocyte_1
1917,2707604000086100041,MV_ex_Syt2
1918,2707604800322100157,oligodendrocyte_progenitor_2
1919,2946331700000021502,DM_ex_Zfhx3
1920,2787445900353100098,DH_ex_Nmu/Tac2
1921,2787445900588100025,oligodendrocyte_progenitor_2
1922,2787445900659100045,oligodendrocyte_progenitor_2
1923,2707604700081100098,oligodendrocyte_progenitor_2
1924,2787445900193100033,oligodendrocyte_progenitor_2
1925,2787445900432100118,oligodendrocyte_progenitor_2
1926,2656143800130200139,alpha_motoneuron
1927,2795584800155100014,alpha_motoneuron
1928,2795103300120100224,MV_ex_Shox2
1929,2707604700036100038,oligodendrocyte_progenitor_2
1930,2796212800883100162,oligodendrocyte_1
1931,2726562800040100184,MV_in_Esrrb
1932,2707604000040100139,oligodendrocyte_progenitor_2
1933,2795584800427100015,MV_in_Gm26673
1934,2707604700108100241,oligodendrocyte_progenitor_2
1935,2787889600351100174,DM_ex_Zfhx3
1936,2946331700000008258,oligodendrocyte_progenitor_2
1937,2795584800188100128,oligodendrocyte_progenitor_2
1938,2787889600315100031,oligodendrocyte_progenitor_2
1939,2796212800080100085,astrocyte_1
1940,2656143800028100186,oligodendrocyte_progenitor_2
1941,2796212800951100070,alpha_motoneuron
1942,2787445900401100087,oligodendrocyte_progenitor_2
1943,2787445900289100188,oligodendrocyte_progenitor_2
1944,2946331700000018248,oligodendrocyte_progenitor_2
1945,2787889600545100121,DM_ex_Zfhx3
1946,2787889600058100185,DH_in_Cdh3
1947,2945606900000016817,MV_in_Sema5b
1948,2656144300141100079,oligodendrocyte_progenitor_2
1949,2787445900655100123,oligodendrocyte_progenitor_2
1950,2796212800273100182,M_in_Tfap2b
1951,2795903600480100180,oligodendrocyte_progenitor_2
1952,2787889600096100125,oligodendrocyte_progenitor_2
1953,2796212800913100083,oligodendrocyte_progenitor_2
1954,2656144900479100120,astrocyte_1
1955,2656143800154100065,oligodendrocyte_progenitor_2
1956,2726543700475100013,MV_in_Gm26673
1957,2946331700000010639,astrocyte_1
1958,2726562700257100088,DM_ex_Zfhx3
1959,2656144900562100183,astrocyte_1
1960,2787445900584100019,oligodendrocyte_progenitor_2
1961,2656144300087100098,oligodendrocyte_1
1962,2795903600381100215,oligodendrocyte_progenitor_2
1963,2795903600327100213,oligodendrocyte_progenitor_2
1964,2656144300140100126,DH_ex_Grp
1965,2707737900047100173,oligodendrocyte_progenitor_2
1966,2787445900763100037,DH_in_Cdh3
1967,2707604700069100169,MV_in_Gabra1
1968,2946331700000000566,oligodendrocyte_progenitor_2
1969,2787889600382100066,oligodendrocyte_progenitor_2
1970,2946331700000000341,alpha_motoneuron
1971,2656144900191100266,astrocyte_1
1972,2656144900315100019,astrocyte_1
1973,2656144300162100053,oligodendrocyte_progenitor_2
1974,2796212800365100088,DH_in_Cdh3
1975,2945606900000005470,oligodendrocyte_progenitor_2
1976,2787445900088100136,MV_in_Gabra1
1977,2787889600023100130,DH_ex_Nmu/Tac2
1978,2707604700133100068,oligodendrocyte_progenitor_2
1979,2946331700000018881,astrocyte_1
1980,2787445900399100154,oligodendrocyte_progenitor_2
1981,2726544600429100175,oligodendrocyte_progenitor_2
1982,2795103300098100236,MV_in_Gabra1
1983,2796212800455100135,oligodendrocyte_progenitor_2
1984,2656144900136100009,DH_in_Pdyn/Gal
1985,2707604000085100171,oligodendrocyte_progenitor_2
1986,2795903600694200107,oligodendrocyte_progenitor_2
1987,2787889600510100079,DH_ex_Reln/Nmur2
1988,2787889600412100091,DH_ex_Nmu/Tac2
1989,2726544600134100174,DH_ex_Nmu/Tac2
1990,2787445900051100212,DH_in_Cdh3
1991,2787889600347100094,oligodendrocyte_progenitor_2
1992,2945606900000016617,oligodendrocyte_progenitor_2
1993,2707604000058100097,DH_in_Cdh3
1994,2656144900165100017,MV_in_Esrrb
1995,2656144900265100162,astrocyte_1
1996,2707604000040200033,oligodendrocyte_progenitor_2
1997,2707737900095100018,oligodendrocyte_progenitor_2
1998,2795584800662200014,oligodendrocyte_progenitor_2
1999,2795103300332100164,MV_in_Gabra1
2000,2787889600353100030,oligodendrocyte_progenitor_2
2001,2787445900261100140,oligodendrocyte_progenitor_2
2002,2787445900860100110,MV_in_Gabra1
2003,2787445900391100058,oligodendrocyte_progenitor_2
2004,2656144900166100204,astrocyte_1
2005,2946331700000004952,MV_ex_Syt2
2006,2656144300188100052,MV_in_Esrrb
2007,2656144900566200058,astrocyte_1
2008,2656144900111100181,astrocyte_1
2009,2707604000084100069,MV_in_Gabra1
2010,2796212800409100121,astrocyte_1
2011,2795903600435100114,oligodendrocyte_progenitor_2
2012,2707604700315100065,oligodendrocyte_progenitor_2
2013,2707604800404100048,oligodendrocyte_progenitor_2
2014,2795903600435100206,alpha_motoneuron
2015,2796212800205100028,oligodendrocyte_progenitor_2
2016,2795584800173100155,oligodendrocyte_progenitor_2
2017,2787889600442100176,M_ex_Vsx2
2018,2795903600544100040,oligodendrocyte_progenitor_2
2019,2787889600488100079,astrocyte_2
2020,2656143800155100047,alpha_motoneuron
2021,2787445900659100128,MV_in_Gm26673
2022,2795103300331100199,MV_in_Gabra1
2023,2707604000057100104,DH_ex_Nmu/Tac2
2024,2787445900206100090,oligodendrocyte_progenitor_2
2025,2946331700000016119,astrocyte_1
2026,2796212800398100253,oligodendrocyte_progenitor_2
2027,2707604000087200134,oligodendrocyte_progenitor_2
2028,2707737900059100035,oligodendrocyte_progenitor_2
2029,2946331700000015737,MV_ex_Syt2
2030,2946331700000007183,astrocyte_1
2031,2656143800216100054,oligodendrocyte_progenitor_2
2032,2946331700000012586,DM_ex_Zfhx3
2033,2656144900165100231,astrocyte_1
2034,2787889600230100251,M_in_Tfap2b
2035,2796212801018100124,DH_ex_Nmu/Tac2
2036,2796212800079100102,astrocyte_1
2037,2795584800449100048,oligodendrocyte_progenitor_2
2038,2795903600696100064,DH_ex_Prkcg/Rxfp1
2039,2707604700249100168,oligodendrocyte_progenitor_2
2040,2787445900581100125,oligodendrocyte_progenitor_2
2041,2795584800399100164,oligodendrocyte_progenitor_2
2042,2796212801043100033,oligodendrocyte_progenitor_2
2043,2787889600517100060,oligodendrocyte_progenitor_2
2044,2946331700000000825,oligodendrocyte_progenitor_2
2045,2946331700000018626,astrocyte_2
2046,2796212800888100036,DH_in_Cdh3
2047,2707604700363100114,oligodendrocyte_progenitor_2
2048,2795584800202100221,oligodendrocyte_progenitor_2
2049,2787445900431100024,oligodendrocyte_progenitor_2
2050,2796212800241100222,astrocyte_1
2051,2656143800416100101,oligodendrocyte_progenitor_2
2052,2787445900398100050,oligodendrocyte_progenitor_2
2053,2795903600642100190,oligodendrocyte_progenitor_2
2054,2656143800419100035,oligodendrocyte_progenitor_2
2055,2795584800638100228,MV_in_Sema5b
2056,2707604000068100135,oligodendrocyte_progenitor_2
2057,2795103300194100307,DH_in_Npy2r
2058,2656144900562100103,astrocyte_1
2059,2707604000057100232,DH_in_Cdh3
2060,2795584800201100134,oligodendrocyte_progenitor_2
2061,2707604700069100149,oligodendrocyte_progenitor_2
2062,2656143800128100150,DH_ex_Gpr83
2063,2796212800879100259,alpha_motoneuron
2064,2795584800137100126,MV_in_Gm26673
2065,2787889600374100033,oligodendrocyte_progenitor_2
2066,2707737900007100192,DH_ex_Nmu/Tac2
2067,2796212800822100163,M_in_Tfap2b
2068,2656144900236100175,astrocyte_1
2069,2707604000097200075,oligodendrocyte_progenitor_2
2070,2795584800171100060,oligodendrocyte_progenitor_2
2071,2787445900696100038,oligodendrocyte_progenitor_2
2072,2795903600590100118,oligodendrocyte_progenitor_2
2073,2656144900085100166,DM_ex_Zfhx3
2074,2787445900390100068,oligodendrocyte_progenitor_2
2075,2946331700000018738,MV_in_Gabra1
2076,2795903600327100100,oligodendrocyte_progenitor_2
2077,2795103300191100083,DH_ex_Nmu/Tac2
2078,2795584800421100222,oligodendrocyte_progenitor_2
2079,2787445900399100057,oligodendrocyte_progenitor_2
2080,2795584800377100144,oligodendrocyte_progenitor_2
2081,2787889600312100086,MV_ex_Syt2
2082,2795584800203100150,MV_in_Gm26673
2083,2796212800304100166,oligodendrocyte_progenitor_2
2084,2795584800203100148,oligodendrocyte_progenitor_2
2085,2707737900100100203,astrocyte_2
2086,2707737900061100172,oligodendrocyte_progenitor_2
2087,2726562700099100162,MV_ex_Shox2
2088,2796212800487100075,MV_in_Gm26673
2089,2656144900542100228,astrocyte_1
2090,2945606900000009900,DM_ex_Zfhx3
2091,2795903600489100205,DM_ex_Zfhx3
2092,2796212800858100136,oligodendrocyte_1
2093,2796212800275100045,astrocyte_1
2094,2796212800429100088,MV_in_Gabra1
2095,2656144900476100120,astrocyte_1
2096,2787889600390100160,oligodendrocyte_progenitor_2
2097,2787445900619100151,MV_in_Gm26673
2098,2656143800030100066,oligodendrocyte_progenitor_2
2099,2945606900000001694,oligodendrocyte_progenitor_2
2100,2726544600405100189,MV_in_Gm26673
2101,2787445900898100144,oligodendrocyte_progenitor_2
2102,2795903600490100212,oligodendrocyte_progenitor_2
2103,2795903600427100128,DH_ex_Reln/Nmur2
2104,2656144900502100079,astrocyte_1
2105,2945606900000009974,DH_ex_Nmu/Tac2
2106,2707737900085100105,oligodendrocyte_progenitor_2
2107,2796212800817100163,oligodendrocyte_progenitor_2
2108,2707604700225100128,oligodendrocyte_progenitor_2
2109,2946331700000006503,oligodendrocyte_progenitor_2
2110,2707604700248100203,oligodendrocyte_progenitor_2
2111,2795584800454100085,oligodendrocyte_progenitor_2
2112,2795903600269100302,MV_in_Gabra1
2113,2787445900242100192,oligodendrocyte_progenitor_2
2114,2656144900264100125,alpha_motoneuron
2115,2787889600056100097,DM_ex_Zfhx3
2116,2707604700226100203,MV_in_Esrrb
2117,2796212801010100180,oligodendrocyte_progenitor_2
2118,2656144900191100175,astrocyte_1
2119,2945606900000010047,DH_ex_Nmu/Tac2
2120,2787445900545100323,oligodendrocyte_progenitor_2
2121,2656144900371100038,astrocyte_1
2122,2946331700000006365,MV_in_Sema5b
2123,2787445900302100018,oligodendrocyte_progenitor_2
2124,2795103300157100158,DH_ex_Reln
2125,2656144900317100113,astrocyte_1
2126,2787445900126100023,MV_ex_Syt2
2127,2656143800444100100,oligodendrocyte_progenitor_2
2128,2946331700000001098,astrocyte_1
2129,2795584800384100237,oligodendrocyte_progenitor_2
2130,2707604700083200077,oligodendrocyte_progenitor_2
2131,2787889600411100082,oligodendrocyte_progenitor_2
2132,2946331700000010512,DH_ex_Nmu/Tac2
2133,2707604800099100049,oligodendrocyte_progenitor_2
2134,2795903600322100170,oligodendrocyte_progenitor_2
2135,2656143800391100055,DM_ex_Zfhx3
2136,2795584800511100064,oligodendrocyte_progenitor_2
2137,2656144300162100038,DH_ex_Gpr83
2138,2656144900378100114,astrocyte_1
2139,2787445900785100020,oligodendrocyte_progenitor_2
2140,2796212800944100130,oligodendrocyte_progenitor_2
2141,2787889600095100237,alpha_motoneuron
2142,2707604800200100041,oligodendrocyte_progenitor_2
2143,2787445900321100082,oligodendrocyte_progenitor_2
2144,2795903600402100051,DH_in_Rorb
2145,2787889600581100141,MV_ex_Syt2
2146,2787445900266100236,oligodendrocyte_progenitor_2
2147,2795903600328100211,DH_ex_Nmu/Tac2
2148,2656143800416200208,DH_in_Pdyn/Gal
2149,2795584800421100089,MV_ex_Shox2
2150,2787889600061100150,oligodendrocyte_progenitor_2
2151,2787889600092100164,oligodendrocyte_progenitor_2
2152,2946331700000012147,DH_ex_Nmu/Tac2
2153,2707604700085100177,oligodendrocyte_progenitor_2
2154,2787445900290200040,oligodendrocyte_progenitor_2
2155,2795903600436100187,oligodendrocyte_progenitor_2
2156,2707604700201100065,oligodendrocyte_progenitor_2
2157,2787889600095100074,oligodendrocyte_progenitor_2
2158,2787889600396100157,oligodendrocyte_progenitor_2
2159,2796212800537100219,DH_ex_Reln
2160,2656144900219100058,astrocyte_1
2161,2945606900000003103,oligodendrocyte_progenitor_2
2162,2726543700100100058,alpha_motoneuron
2163,2787445900583100064,oligodendrocyte_progenitor_2
2164,2795584800436100278,DH_ex_Nmu/Tac2
2165,2795903600590100035,oligodendrocyte_progenitor_2
2166,2946331700000002966,MV_in_Gabra1
2167,2656143800028100048,DH_ex_Sox5
2168,2726543700227100110,DH_in_Rorb
2169,2787445900738100116,oligodendrocyte_progenitor_2
2170,2787445900621100107,oligodendrocyte_progenitor_2
2171,2707604000038100034,oligodendrocyte_progenitor_2
2172,2726543700227100130,oligodendrocyte_progenitor_2
2173,2707604700246100026,oligodendrocyte_progenitor_2
2174,2707604700084100211,MV_in_Gm26673
2175,2707604700036100212,oligodendrocyte_progenitor_2
2176,2656144900477100141,astrocyte_1
2177,2787889600420100070,oligodendrocyte_progenitor_2
2178,2787445900755100153,MV_in_Gm26673
2179,2787445900225100126,oligodendrocyte_progenitor_2
2180,2787889600409100205,oligodendrocyte_progenitor_2
2181,2787445900226100012,oligodendrocyte_progenitor_2
2182,2796212800142100237,DH_in_Npy2r
2183,2795903600428100179,oligodendrocyte_progenitor_2
2184,2787445900363100088,oligodendrocyte_progenitor_2
2185,2656143800215100114,MV_ex_Syt2
2186,2795903600399100135,oligodendrocyte_progenitor_2
2187,2726562800059100060,oligodendrocyte_progenitor_2
2188,2707604700274100038,DH_ex_Grp
2189,2795903600348100027,oligodendrocyte_progenitor_2
2190,2945606900000006774,oligodendrocyte_progenitor_2
2191,2795584800240100225,DH_in_Pdyn
2192,2656144300163100112,DH_in_Npy2r
2193,2787445900360100114,M_ex_Vsx2
2194,2707737900074200070,DH_in_Npy2r
2195,2707737900089100136,oligodendrocyte_progenitor_2
2196,2795903600613100135,oligodendrocyte_progenitor_2
2197,2946331700000006387,DH_in_Pdyn
2198,2787445900132100044,DH_in_Cdh3
2199,2795584800623100143,MV_in_Gm26673
2200,2656143800367100054,oligodendrocyte_progenitor_2
2201,2787445900634100055,oligodendrocyte_progenitor_2
2202,2707604800446100059,DH_in_Cdh3
2203,2707604800404100136,oligodendrocyte_progenitor_2
2204,2787445900089100109,DM_ex_Zfhx3
2205,2787445900226100086,oligodendrocyte_progenitor_2
2206,2707604800060100055,oligodendrocyte_progenitor_2
2207,2796212800593100275,oligodendrocyte_progenitor_2
2208,2795103300198100040,oligodendrocyte_progenitor_2
2209,2795584800164200031,oligodendrocyte_progenitor_2
2210,2707604800099100041,oligodendrocyte_progenitor_2
2211,2945606900000011811,oligodendrocyte_progenitor_2
2212,2946331700000004197,DH_ex_Sox5
2213,2795903600322100112,oligodendrocyte_progenitor_2
2214,2945606900000003022,DH_in_Rorb
2215,2707737900148200029,oligodendrocyte_progenitor_2
2216,2787889600312100104,oligodendrocyte_progenitor_2
2217,2787445900581100128,oligodendrocyte_progenitor_2
2218,2796212800535100075,astrocyte_1
2219,2787445900287100168,oligodendrocyte_progenitor_2
2220,2795103300367100074,oligodendrocyte_progenitor_2
2221,2795103300446100142,oligodendrocyte_progenitor_2
2222,2795903600438100179,oligodendrocyte_progenitor_2
2223,2795103300154100220,oligodendrocyte_progenitor_2
2224,2796212800111100019,MV_in_Gabra1
2225,2795584800477100127,DH_in_Npy2r
2226,2787445900858100108,DH_in_Npy
2227,2795584800386100135,oligodendrocyte_progenitor_2
2228,2795903600293100120,MV_in_Sema5b
2229,2707604800384100184,DM_ex_Zfhx3
2230,2795903600438100049,oligodendrocyte_progenitor_2
2231,2946331700000008137,oligodendrocyte_progenitor_2
2232,2796212800456100131,DH_ex_Reln
2233,2787889600519200072,oligodendrocyte_progenitor_2
2234,2787445900388100074,oligodendrocyte_progenitor_2
2235,2795584800166100061,oligodendrocyte_progenitor_2
2236,2795903600667100078,oligodendrocyte_progenitor_2
2237,2787445900547100147,oligodendrocyte_progenitor_2
2238,2787445900726100078,DH_ex_Reln
2239,2656144900087100130,astrocyte_1
2240,2707604800103100068,oligodendrocyte_progenitor_2
2241,2707604700340100016,oligodendrocyte_progenitor_2
2242,2795584800160100091,DH_ex_Sox5
2243,2656144900505100091,astrocyte_1
2244,2796212800914100025,DH_ex_Sox5
2245,2787445900686100146,oligodendrocyte_progenitor_2
2246,2796212800212100056,DH_ex_Gpr83
2247,2726543700195100219,oligodendrocyte_progenitor_2
2248,2796212800792100099,oligodendrocyte_1
2249,2656144900609100214,DH_ex_Nmu/Tac2
2250,2656144300146100142,DH_ex_Tac2
2251,2795103300346100094,oligodendrocyte_progenitor_2
2252,2656144900289100166,DM_ex_Zfhx3
2253,2707737900047100044,oligodendrocyte_progenitor_2
2254,2787445900823100265,MV_in_Gabra1
2255,2707737900089100202,DM_ex_Zfhx3
2256,2795584800138100145,oligodendrocyte_progenitor_2
2257,2787445900835100014,alpha_motoneuron
2258,2656143800317100102,oligodendrocyte_progenitor_2
2259,2707737900008200205,MV_in_Gabra1
2260,2656144900509100061,astrocyte_1
2261,2656144900371100117,astrocyte_1
2262,2787889600412100177,MV_ex_Syt2
2263,2795103300408100064,oligodendrocyte_progenitor_2
2264,2946331700000016224,astrocyte_1
2265,2656143800241100059,MV_ex_Syt2
2266,2656144900403100027,astrocyte_1
2267,2787445900805100094,DH_ex_Reln/Nmur2
2268,2787445900621100251,oligodendrocyte_progenitor_2
2269,2796212800855100198,oligodendrocyte_1
2270,2656143800103100139,MV_in_Gabra1
2271,2946331700000003227,DM_ex_Zfhx3
2272,2707604800078100080,oligodendrocyte_progenitor_2
2273,2656144900567100023,astrocyte_1
2274,2796212800715100155,oligodendrocyte_progenitor_2
2275,2707604000085100080,oligodendrocyte_progenitor_2
2276,2795903600169100285,oligodendrocyte_progenitor_2
2277,2787445900584100079,oligodendrocyte_progenitor_2
2278,2795584800347100079,oligodendrocyte_progenitor_2
2279,2656144300168100037,oligodendrocyte_progenitor_2
2280,2707737900131100041,oligodendrocyte_progenitor_2
2281,2656144900515100319,astrocyte_1
2282,2946331700000012432,astrocyte_1
2283,2795903600642100155,MV_in_Sema5b
2284,2707604800363100113,oligodendrocyte_progenitor_2
2285,2796212800788100120,MV_in_Gm26673
2286,2787445900399100059,oligodendrocyte_progenitor_2
2287,2795903600211100303,MV_in_Gm26673
2288,2796212800592100192,oligodendrocyte_progenitor_2
2289,2787445900584100076,oligodendrocyte_progenitor_2
2290,2656143800395100073,alpha_motoneuron
2291,2707604000139100120,oligodendrocyte_progenitor_2
2292,2656144900368100104,DH_ex_Sox5
2293,2946331700000010486,DH_in_Cdh3
2294,2787445900014100072,DH_ex_Reln/Nmur2
2295,2787889600348100042,oligodendrocyte_progenitor_2
2296,2707604800162100132,oligodendrocyte_progenitor_2
2297,2787889600487100048,astrocyte_2
2298,2726562700178100211,oligodendrocyte_1
2299,2946331700000022273,oligodendrocyte_progenitor_2
2300,2946331700000022190,oligodendrocyte_progenitor_2
2301,2787445900131100255,oligodendrocyte_progenitor_2
2302,2656144300171100067,oligodendrocyte_progenitor_2
2303,2787445900231100045,oligodendrocyte_progenitor_2
2304,2946331700000004997,oligodendrocyte_progenitor_2
2305,2707604000155100172,oligodendrocyte_progenitor_2
2306,2656144900343100235,astrocyte_1
2307,2787889600616100042,oligodendrocyte_progenitor_2
2308,2795903600143100062,oligodendrocyte_progenitor_2
2309,2707737900144200093,astrocyte_2
2310,2656144900235100074,DH_ex_Reln/Nmur2
2311,2787889600280100050,DH_ex_Nmu/Tac2
2312,2787445900753100133,oligodendrocyte_progenitor_2
2313,2787889600581100156,MV_in_Gabra1
2314,2795584800188100283,oligodendrocyte_progenitor_2
2315,2795903600326100161,MV_ex_Syt2
2316,2707604700043100050,oligodendrocyte_progenitor_2
2317,2787445900303100089,oligodendrocyte_progenitor_2
2318,2787445900253100183,DH_in_Cdh3
2319,2787889600617100098,MV_in_Esrrb
2320,2726562700235100065,oligodendrocyte_progenitor_2
2321,2656144900420100123,astrocyte_1
2322,2796212800632100063,MV_in_Sema5b
2323,2656144900263100145,MV_in_Gabra1
2324,2945606900000009807,oligodendrocyte_progenitor_2
2325,2707604000040100188,oligodendrocyte_progenitor_2
2326,2656144900344100104,astrocyte_1
2327,2707604700340100092,oligodendrocyte_progenitor_2
2328,2795584800411100099,oligodendrocyte_progenitor_2
2329,2946331700000003432,oligodendrocyte_progenitor_2
2330,2707737900007100267,oligodendrocyte_progenitor_2
2331,2707604800242100112,oligodendrocyte_progenitor_2
2332,2787889600518100078,MV_in_Gm26673
2333,2656144900421100115,MV_in_Gabra1
2334,2795584800088100023,MV_ex_Shox2
2335,2795903600375100044,oligodendrocyte_progenitor_2
2336,2796212800394200052,oligodendrocyte_progenitor_2
2337,2795903600058100066,MV_in_Gm26673
2338,2707737900036100009,oligodendrocyte_progenitor_2
2339,2707604700249100198,oligodendrocyte_progenitor_2
2340,2787889600360200046,DM_ex_Zfhx3
2341,2795903600518100245,oligodendrocyte_progenitor_2
2342,2795584800659100187,MV_in_Sema5b
2343,2796212801010100142,MV_in_Gabra1
2344,2945606900000006840,oligodendrocyte_progenitor_2
2345,2726543700433100205,oligodendrocyte_progenitor_2
2346,2795903600401100059,DH_ex_Sox5
2347,2656144900141100168,astrocyte_1
2348,2787889600580100093,oligodendrocyte_progenitor_2
2349,2787445900231100237,oligodendrocyte_progenitor_2
2350,2707604700387100217,visceral_motoneuron
2351,2707604800081100077,MV_ex_Syt2
2352,2707604800424100068,M_in_Tfap2b
2353,2787445900131100224,DM_ex_Zfhx3
2354,2787889600388100164,oligodendrocyte_progenitor_2
2355,2945606900000014757,oligodendrocyte_progenitor_2
2356,2787889600413100126,DH_ex_Nmu/Tac2
2357,2795584800421100271,oligodendrocyte_progenitor_2
2358,2787445900792200009,oligodendrocyte_progenitor_2
2359,2707604000042200017,oligodendrocyte_progenitor_2
2360,2787445900464100032,oligodendrocyte_progenitor_2
2361,2656143800393100194,MV_ex_Syt2
2362,2707604000095200075,DH_ex_Sox5/Tac1
2363,2796212801050100084,DH_in_Cdh3
2364,2795103300400100031,DH_in_Npy
2365,2795103300194100281,DH_ex_Reln
2366,2787889600280100228,M_in_Tfap2b
2367,2707604800364100238,DH_ex_Sox5/Tac1
2368,2787445900718100233,MV_ex_Syt2
2369,2795584800436100228,DH_in_Pdyn
2370,2656144900510100065,astrocyte_1
2371,2796212800457100103,DH_in_Npy
2372,2946331700000001934,MV_in_Gm26673
2373,2796212800418100168,oligodendrocyte_progenitor_2
2374,2787889600281100063,DH_ex_Nmu/Tac2
2375,2787889600166100074,oligodendrocyte_progenitor_2
2376,2946331700000004264,DM_ex_Zfhx3
2377,2656144300185100029,oligodendrocyte_progenitor_2
2378,2787889600023100254,MV_ex_Syt2
2379,2787889600314100212,M_in_Tfap2b
2380,2796212800887100184,oligodendrocyte_progenitor_2
2381,2796212800822100196,MV_ex_Syt2
2382,2707604700413100025,oligodendrocyte_progenitor_2
2383,2787445900262100093,oligodendrocyte_progenitor_2
2384,2707604700061100257,MV_in_Gabra1
2385,2656143800417100057,oligodendrocyte_progenitor_2
2386,2787445900200100133,oligodendrocyte_progenitor_2
2387,2945606900000006420,oligodendrocyte_progenitor_2
2388,2787445900248100156,DH_ex_Reln/Nmur2
2389,2707604800360100101,oligodendrocyte_progenitor_2
2390,2656144900217100144,DH_ex_Nmu/Tac2
2391,2787445900226100165,DH_ex_Nmu/Tac2
2392,2707604000169100091,oligodendrocyte_progenitor_2
2393,2707604700108200090,oligodendrocyte_progenitor_2
2394,2787445900242100076,oligodendrocyte_progenitor_2
2395,2707604000027100016,oligodendrocyte_progenitor_2
2396,2795103300380100230,DH_ex_Reln
2397,2656144900350100115,astrocyte_1
2398,2796212800854100026,MV_in_Gabra1
2399,2787445900267100093,oligodendrocyte_progenitor_2
2400,2796212800977100124,oligodendrocyte_progenitor_2
2401,2707604800081100098,MV_ex_Syt2
2402,2707604000138100179,oligodendrocyte_progenitor_2
2403,2656143800468100193,DH_ex_Reln/Nmur2
2404,2707737900100200058,M_ex_Vsx2
2405,2945606900000008789,oligodendrocyte_progenitor_2
2406,2796212800792100277,DH_ex_Nmu/Tac2
2407,2795903600269100105,DH_in_Rorb
2408,2795584800621100065,oligodendrocyte_progenitor_2
2409,2656143800078100168,DH_ex_Nmu/Tac2
2410,2795584800391200100,oligodendrocyte_progenitor_2
2411,2656143800129100075,MV_in_Gabra1
2412,2787889600317100075,oligodendrocyte_progenitor_2
2413,2796212800627100160,oligodendrocyte_progenitor_2
2414,2795903600401100090,DH_in_Rorb
2415,2656143800152100083,DH_ex_Sox5
2416,2946331700000010680,astrocyte_1
2417,2656144900236100141,M_ex_Neurod2
2418,2787445900723100073,oligodendrocyte_progenitor_2
2419,2787445900263100072,DH_in_Cdh3
2420,2787445900715100073,oligodendrocyte_progenitor_2
2421,2795903600355100124,DH_ex_Nmu/Tac2
2422,2946331700000004713,oligodendrocyte_progenitor_2
2423,2796212800394100113,oligodendrocyte_progenitor_2
2424,2656144900584100101,alpha_motoneuron
2425,2787445900243100040,oligodendrocyte_progenitor_2
2426,2787445900499100104,oligodendrocyte_progenitor_2
2427,2787445900360100074,oligodendrocyte_progenitor_2
2428,2795584800222100075,oligodendrocyte_progenitor_2
2429,2795584800139100014,oligodendrocyte_progenitor_2
2430,2656144900531100285,MV_in_Gabra1
2431,2707604700413100065,oligodendrocyte_progenitor_2
2432,2795903600379100176,alpha_motoneuron
2433,2787445900260100033,alpha_motoneuron
2434,2787889600166100062,oligodendrocyte_progenitor_2
2435,2787889600390100063,alpha_motoneuron
2436,2787889600130100149,oligodendrocyte_progenitor_2
2437,2795584800416100106,oligodendrocyte_progenitor_2
2438,2656143800052100089,DH_ex_Gpr83
2439,2656144900447200186,astrocyte_1
2440,2946331700000022293,DH_in_Cdh3
2441,2795103300413100081,oligodendrocyte_progenitor_2
2442,2656144900529100240,DH_ex_Nmu/Tac2
2443,2707604800103100053,DH_ex_Nmu/Tac2
2444,2787445900323100245,oligodendrocyte_progenitor_2
2445,2787889600447100113,oligodendrocyte_progenitor_2
2446,2656144900315100128,DH_in_Pdyn
2447,2795584800384100094,MV_in_Gm26673
2448,2726543700142100040,alpha_motoneuron
2449,2707604700316100009,oligodendrocyte_progenitor_2
2450,2945606900000000478,oligodendrocyte_progenitor_2
2451,2787445900433100043,oligodendrocyte_progenitor_2
2452,2787889600311100138,oligodendrocyte_progenitor_2
2453,2656144900351100183,astrocyte_1
2454,2707604700067100141,MV_ex_Syt2
2455,2787445900654100013,oligodendrocyte_progenitor_2
2456,2946331700000010668,DM_ex_Zfhx3
2457,2707604800364100045,DH_ex_Nmu/Tac2
2458,2796212800535100095,astrocyte_1
2459,2707604700117100020,oligodendrocyte_progenitor_2
2460,2795903600452100144,alpha_motoneuron
2461,2787445900426100084,oligodendrocyte_progenitor_2
2462,2945606900000005224,oligodendrocyte_progenitor_2
2463,2946331700000012231,DH_in_Pdyn/Gal
2464,2656144300164100090,oligodendrocyte_progenitor_2
2465,2656143800155100063,oligodendrocyte_progenitor_2
2466,2787445900398100054,oligodendrocyte_progenitor_2
2467,2787445900326100225,M_ex_Vsx2
2468,2796212800295100099,alpha_motoneuron
2469,2787889600544100064,DH_ex_Sox5/Tac1
2470,2787445900395100050,oligodendrocyte_progenitor_2
2471,2796212800779100100,oligodendrocyte_progenitor_2
2472,2707604700035100145,oligodendrocyte_progenitor_2
2473,2946331700000002051,astrocyte_1
2474,2707604800081100088,DM_ex_Zfhx3
2475,2796212800427100086,oligodendrocyte_progenitor_2
2476,2796212800912100067,oligodendrocyte_progenitor_2
2477,2787889600414100226,M_in_Tfap2b
2478,2795103300144100037,MV_ex_Shox2
2479,2656144300086100179,oligodendrocyte_1
2480,2795584800435100290,DH_ex_Nmu/Tac2
2481,2787445900236100110,oligodendrocyte_progenitor_2
2482,2787445900391100068,oligodendrocyte_progenitor_2
2483,2726544200070100248,DH_ex_Nmu/Tac2
2484,2795584800426100125,DH_in_Cdh3
2485,2656144900166100243,DH_in_Cdh3
2486,2656144900138100138,DH_ex_Nmu/Tac2
2487,2707604000122100059,oligodendrocyte_progenitor_2
2488,2795103300108100032,alpha_motoneuron
2489,2946331700000012275,DH_ex_Nmu/Tac2
2490,2945606900000004901,DH_ex_Reln/Nmur2
2491,2795584800476100042,DH_in_Cdh3
2492,2707737900114100112,oligodendrocyte_progenitor_2
2493,2796212800570100172,astrocyte_1
2494,2795103300121100169,MV_ex_Shox2
2495,2787445900435100052,oligodendrocyte_progenitor_2
2496,2656144900642100154,astrocyte_1
2497,2795903600488100162,MV_in_Sema5b
2498,2656143800079200164,oligodendrocyte_progenitor_2
2499,2796212800913100045,MV_in_Gabra1
2500,2707604800102200068,M_in_Tfap2b
2501,2787889600056100111,MV_in_Gabra1
2502,2795903600159100244,MV_ex_Syt2
2503,2795584800622100189,oligodendrocyte_progenitor_2
2504,2796212800882100183,oligodendrocyte_progenitor_2
2505,2796212800419100200,MV_in_Gabra1
2506,2795103300179100169,M_in_Tfap2b
2507,2787445900167100091,oligodendrocyte_progenitor_2
2508,2795903600436100202,oligodendrocyte_progenitor_2
2509,2795584800099100038,oligodendrocyte_progenitor_2
2510,2707604000122100085,oligodendrocyte_progenitor_2
2511,2707604700364100071,oligodendrocyte_progenitor_2
2512,2945606900000006806,oligodendrocyte_progenitor_2
2513,2796212800419100167,DH_in_Npy
2514,2787445900135100104,oligodendrocyte_progenitor_2
2515,2796212800462100143,oligodendrocyte_progenitor_2
2516,2795103300368100025,M_in_Tfap2b
2517,2707737900088100196,oligodendrocyte_progenitor_2
2518,2707737900062100221,M_in_Tfap2b
2519,2787445900861100030,DM_ex_Zfhx3
2520,2787889600096100031,oligodendrocyte_progenitor_2
2521,2656143800365100052,oligodendrocyte_progenitor_2
2522,2795584800449100244,oligodendrocyte_progenitor_2
2523,2707604700091100044,MV_in_Sema5b
2524,2946331700000004874,oligodendrocyte_progenitor_2
2525,2656143800028100054,DH_ex_Nmu/Tac2
2526,2707604700155100115,oligodendrocyte_progenitor_2
2527,2787445900265100144,DH_ex_Nmu/Tac2
2528,2796212800451100133,oligodendrocyte_progenitor_2
2529,2787445900823100081,DH_in_Npy
2530,2946331700000006892,oligodendrocyte_progenitor_2
2531,2726544600134100143,DH_ex_Nmu/Tac2
2532,2726562800240100104,oligodendrocyte_progenitor_2
2533,2795903600641100315,DM_ex_Zfhx3
2534,2707604700109100091,oligodendrocyte_progenitor_2
2535,2787445900933100057,alpha_motoneuron
2536,2796212800914100173,MV_in_Gabra1
2537,2707604800424100063,DH_ex_Grpr
2538,2787445900619200032,oligodendrocyte_progenitor_2
2539,2796212800337100084,astrocyte_1
2540,2795584800483100147,oligodendrocyte_progenitor_2
2541,2787445900693100051,alpha_motoneuron
2542,2795903600353100096,M_ex_Neurod2
2543,2707604700067100230,MV_ex_Syt2
2544,2787445900435100157,oligodendrocyte_progenitor_2
2545,2795584800710100123,oligodendrocyte_progenitor_2
2546,2795584800655100134,DH_in_Pdyn
2547,2707604700177100051,oligodendrocyte_progenitor_2
2548,2707737900047100076,MV_in_Gabra1
2549,2656144900111100184,DH_ex_Gpr83
2550,2787889600244100042,oligodendrocyte_progenitor_2
2551,2787889600347100056,oligodendrocyte_progenitor_2
2552,2796212800398100187,MV_ex_Syt2
2553,2787445900547100024,oligodendrocyte_progenitor_2
2554,2795584800122200149,DH_ex_Sox5
2555,2795584800696100105,MV_in_Sema5b
2556,2796212800882100191,DH_in_Cdh3
2557,2656144900641100149,DH_ex_Reln/Nmur2
2558,2795584800378100137,oligodendrocyte_progenitor_2
2559,2787889600091200056,oligodendrocyte_progenitor_2
2560,2656143800391100256,oligodendrocyte_progenitor_2
2561,2787445900659100162,M_ex_Vsx2
2562,2656143800213100027,oligodendrocyte_progenitor_2
2563,2787445900097100085,DH_ex_Reln/Nmur2
2564,2945606900000008365,oligodendrocyte_progenitor_2
2565,2796212800463100021,oligodendrocyte_progenitor_2
2566,2795903600453100109,M_in_Tfap2b
2567,2795903600117100031,oligodendrocyte_progenitor_2
2568,2707604700180200019,oligodendrocyte_progenitor_2
2569,2796212800632100044,oligodendrocyte_progenitor_2
2570,2707737900020100165,MV_in_Gabra1
2571,2795903600242100181,DH_ex_Prkcg/Rxfp1
2572,2787445900583100241,MV_in_Gabra1
2573,2945606900000005164,oligodendrocyte_progenitor_2
2574,2795903600347100067,oligodendrocyte_progenitor_2
2575,2787445900352100042,oligodendrocyte_progenitor_2
2576,2787889600450100177,MV_in_Gabra1
2577,2787445900353100133,DH_ex_Nmu/Tac2
2578,2707604800363100137,MV_ex_Syt2
2579,2707604700108100092,oligodendrocyte_progenitor_2
2580,2707604800102100159,oligodendrocyte_progenitor_2
2581,2946331700000004503,DH_ex_Reln/Nmur2
2582,2795903600590100011,oligodendrocyte_progenitor_2
2583,2707604700086100198,oligodendrocyte_progenitor_2
2584,2707604000041200057,oligodendrocyte_progenitor_2
2585,2656144900531100229,astrocyte_1
2586,2795103300346100142,M_ex_Vsx2
2587,2707604700343100179,DH_ex_Nmu/Tac2
2588,2707604000085100158,visceral_motoneuron
2589,2795903600143100364,oligodendrocyte_progenitor_2
2590,2787445900228100129,DH_ex_Reln/Nmur2
2591,2795584800710200153,oligodendrocyte_progenitor_2
2592,2656143800165100016,oligodendrocyte_progenitor_2
2593,2795584800482100061,oligodendrocyte_progenitor_2
2594,2787445900288100203,DH_in_Npy2r
2595,2945606900000005263,MV_in_Gm26673
2596,2656143800467100055,DH_ex_Gpr83
2597,2946331700000008549,astrocyte_1
2598,2795903600269100033,oligodendrocyte_progenitor_2
2599,2795903600196100099,oligodendrocyte_progenitor_2
2600,2656144900477100116,astrocyte_1
2601,2787445900655200027,oligodendrocyte_progenitor_2
2602,2795103300232100088,oligodendrocyte_progenitor_2
2603,2707604700060100167,MV_in_Sema5b
2604,2787889600282100026,oligodendrocyte_progenitor_2
2605,2796212800792100334,DH_in_Cdh3
2606,2946331700000013482,DH_in_Npy
2607,2795584800166100142,oligodendrocyte_progenitor_2
2608,2707604700091100078,oligodendrocyte_progenitor_2
2609,2787445900657100062,MV_ex_Syt2
2610,2656144900235100258,astrocyte_1
2611,2656143800418100193,oligodendrocyte_progenitor_2
2612,2795103300297100101,oligodendrocyte_progenitor_2
2613,2656144900542100127,astrocyte_1
2614,2656143800002100098,DH_ex_Grpr
2615,2946331700000005287,astrocyte_1
2616,2726544600056100041,oligodendrocyte_progenitor_2
2617,2707737900059100127,oligodendrocyte_progenitor_2
2618,2707737900132100050,alpha_motoneuron
2619,2795103300193100166,DH_in_Pdyn
2620,2787445900396100247,oligodendrocyte_progenitor_2
2621,2795584800589100087,alpha_motoneuron
2622,2707604800425100267,oligodendrocyte_progenitor_2
2623,2726544600055100050,oligodendrocyte_progenitor_2
2624,2707604700117100036,oligodendrocyte_progenitor_2
2625,2707737900101100179,DH_ex_Sox5/Tac1
2626,2787889600057100196,oligodendrocyte_progenitor_2
2627,2795103300410100155,M_ex_Vsx2
2628,2787445900165100004,oligodendrocyte_progenitor_2
2629,2787889600303100030,astrocyte_2
2630,2787445900544100047,DM_ex_Zfhx3
2631,2787445900738200001,oligodendrocyte_progenitor_2
2632,2787445900252100007,oligodendrocyte_progenitor_2
2633,2946331700000017607,astrocyte_1
2634,2787889600201100036,oligodendrocyte_progenitor_2
2635,2656144900112100268,astrocyte_1
2636,2796212800946100072,MV_in_Gabra1
2637,2946331700000015858,astrocyte_1
2638,2707604700094100056,oligodendrocyte_progenitor_2
2639,2656143800002100122,DH_ex_Reln/Nmur2
2640,2795903600268100086,oligodendrocyte_progenitor_2
2641,2787889600278100063,oligodendrocyte_progenitor_2
2642,2707604000122100058,alpha_motoneuron
2643,2796212800788100028,alpha_motoneuron
2644,2795584800435100103,oligodendrocyte_progenitor_2
2645,2795903600640100162,MV_in_Gm26673
2646,2796212800272100125,astrocyte_1
2647,2796212800563100129,oligodendrocyte_progenitor_2
2648,2707737900145100127,oligodendrocyte_progenitor_2
2649,2787445900398100076,oligodendrocyte_progenitor_2
2650,2656144900137100079,DH_ex_Reln
2651,2796212800281100104,astrocyte_1
2652,2707604000053100067,oligodendrocyte_progenitor_2
2653,2795903600590100122,oligodendrocyte_progenitor_2
2654,2796212800595100108,oligodendrocyte_progenitor_2
2655,2787889600352100094,MV_in_Gm26673
2656,2795103300400100165,DH_in_Npy
2657,2656143800240100110,DH_in_Cdh3
2658,2787445900328100061,oligodendrocyte_progenitor_2
2659,2796212800788100066,oligodendrocyte_progenitor_2
2660,2787445900396100175,M_ex_Vsx2
2661,2726543700141100045,MV_in_Gabra1
2662,2795584800086100178,DH_in_Cdh3
2663,2796212800554100236,DH_ex_Reln/Nmur2
2664,2787445900170100236,MV_in_Esrrb
2665,2787889600516100058,oligodendrocyte_progenitor_2
2666,2796212801042100083,oligodendrocyte_progenitor_2
2667,2656144300187100014,oligodendrocyte_progenitor_2
2668,2656144300172100086,alpha_motoneuron
2669,2795103300200100065,oligodendrocyte_progenitor_2
2670,2656144900530100164,MV_in_Gabra1
2671,2787445900282100024,oligodendrocyte_progenitor_2
2672,2796212800978100194,oligodendrocyte_progenitor_2
2673,2795103300216100130,DH_in_Npy
2674,2787445900726100162,DH_in_Cdh3
2675,2656144300162100042,oligodendrocyte_progenitor_2
2676,2795903600269100088,oligodendrocyte_progenitor_2
2677,2787445900358100148,oligodendrocyte_progenitor_2
2678,2787445900761100251,oligodendrocyte_progenitor_2
2679,2656143800130100119,oligodendrocyte_progenitor_2
2680,2707737900098200026,astrocyte_2
2681,2656144900478100139,alpha_motoneuron
2682,2795903600352100080,oligodendrocyte_progenitor_2
2683,2707737900035100043,oligodendrocyte_progenitor_2
2684,2946331700000010744,DM_ex_Zfhx3
2685,2656144900344100074,astrocyte_1
2686,2656144300172200038,astrocyte_2
2687,2707604700083100139,oligodendrocyte_progenitor_2
2688,2787445900364100098,oligodendrocyte_progenitor_2
2689,2707604700083100074,MV_ex_Syt2
2690,2707604700015100035,oligodendrocyte_progenitor_2
2691,2707604700063100216,DH_ex_Reln
2692,2787445900464100098,oligodendrocyte_progenitor_2
2693,2796212800882100364,DH_in_Cdh3
2694,2795103300113100204,alpha_motoneuron
2695,2795584800350100028,oligodendrocyte_progenitor_2
2696,2707604700251100119,DH_in_Npy2r
2697,2656144900640100088,DH_ex_Reln/Nmur2
2698,2656143800241100181,MV_ex_Syt2
2699,2656144900326100094,astrocyte_1
2700,2656144900085100214,DH_ex_Sox5
2701,2707604000025100011,oligodendrocyte_progenitor_2
2702,2707604000140100189,DH_ex_Grp
2703,2656143800420200053,oligodendrocyte_progenitor_2
2704,2656144900423100018,astrocyte_1
2705,2796212800561100130,MV_in_Esrrb
2706,2787889600096100123,oligodendrocyte_progenitor_2
2707,2726562800240100072,oligodendrocyte_progenitor_2
2708,2796212800594100254,MV_in_Gabra1
2709,2795584800377100076,oligodendrocyte_progenitor_2
2710,2795103300447100147,oligodendrocyte_progenitor_2
2711,2656144900489100168,astrocyte_1
2712,2787889600060100033,oligodendrocyte_progenitor_2
2713,2796212800329100048,oligodendrocyte_progenitor_2
2714,2787445900899100064,oligodendrocyte_progenitor_2
2715,2946331700000006652,DM_ex_Zfhx3
2716,2795584800449100014,MV_in_Gm26673
2717,2656144900211100035,MV_in_Gm26673
2718,2656144900480100157,alpha_motoneuron
2719,2795584800130100195,oligodendrocyte_progenitor_2
2720,2707737900051100032,oligodendrocyte_progenitor_2
2721,2795584800361100029,DH_in_Cdh3
2722,2787889600452100022,astrocyte_2
2723,2707737900088100013,oligodendrocyte_progenitor_2
2724,2707604700094100133,DH_in_Pdyn/Gal
2725,2707604000056100181,MV_in_Esrrb
2726,2795584800711100192,oligodendrocyte_progenitor_2
2727,2945606900000000980,oligodendrocyte_progenitor_2
2728,2787445900841100065,oligodendrocyte_progenitor_2
2729,2707604800382100158,oligodendrocyte_progenitor_2
2730,2707737900086100166,oligodendrocyte_progenitor_2
2731,2726543700129200147,DM_ex_Zfhx3
2732,2787889600412100082,DH_ex_Sox5/Tac1
2733,2707737900146200118,MV_in_Gabra1
2734,2787445900436200041,oligodendrocyte_2
2735,2787445900210100089,oligodendrocyte_progenitor_2
2736,2787445900699100026,oligodendrocyte_progenitor_2
2737,2707604700199100093,alpha_motoneuron
2738,2946331700000018245,oligodendrocyte_progenitor_2
2739,2787889600522100141,oligodendrocyte_progenitor_2
2740,2945606900000003509,oligodendrocyte_progenitor_2
2741,2787445900329200007,oligodendrocyte_progenitor_2
2742,2795584800170100076,alpha_motoneuron
2743,2656144900166100064,MV_in_Gabra1
2744,2946331700000003137,oligodendrocyte_progenitor_2
2745,2787445900823100021,oligodendrocyte_progenitor_2
2746,2707604700341100277,M_ex_Neurod2
2747,2726562700278100158,alpha_motoneuron
2748,2787889600387100042,oligodendrocyte_progenitor_2
2749,2656144900115100087,astrocyte_1
2750,2787445900687100181,oligodendrocyte_progenitor_2
2751,2945606900000001143,oligodendrocyte_progenitor_2
2752,2945606900000006545,oligodendrocyte_progenitor_2
2753,2796212800951100120,alpha_motoneuron
2754,2787445900250100170,oligodendrocyte_progenitor_2
2755,2795903600641200074,oligodendrocyte_progenitor_2
2756,2796212800410200020,DH_in_Rorb
2757,2796212800879100103,oligodendrocyte_progenitor_2
2758,2795903600617100091,oligodendrocyte_progenitor_2
2759,2656144900616100168,astrocyte_1
2760,2787445900686100112,DH_ex_Sox5/Tac1
2761,2796212800396100053,MV_in_Esrrb
2762,2707604000057100118,oligodendrocyte_progenitor_2
2763,2787445900352100186,DH_ex_Reln/Nmur2
2764,2787445900723100060,DH_in_Cdh3
2765,2787889600348100075,oligodendrocyte_progenitor_2
2766,2787889600413100220,oligodendrocyte_progenitor_2
2767,2787445900622100162,oligodendrocyte_progenitor_2
2768,2795903600437100099,oligodendrocyte_progenitor_2
2769,2787889600485100083,alpha_motoneuron
2770,2787889600416100014,oligodendrocyte_progenitor_2
2771,2796212800977100165,DH_in_Cdh3
2772,2656143800390100068,DH_in_Pdyn/Gal
2773,2787445900395100192,alpha_motoneuron
2774,2795903600640100139,MV_ex_Syt2
2775,2787445900581100205,oligodendrocyte_progenitor_2
2776,2707604800340200026,oligodendrocyte_progenitor_2
2777,2946331700000010888,DH_in_Cdh3
2778,2787445900168200095,oligodendrocyte_progenitor_2
2779,2796212800431100279,oligodendrocyte_progenitor_2
2780,2787445900300100134,DM_ex_Zfhx3
2781,2707737900049100175,DH_ex_Nmu/Tac2
2782,2796212800791100118,M_in_Tfap2b
2783,2656144900423100058,astrocyte_1
2784,2656144300062100116,MV_in_Gm26673
2785,2796212800758100178,oligodendrocyte_progenitor_2
2786,2656144900209100093,DH_in_Npy2r
2787,2787889600547100082,oligodendrocyte_progenitor_2
2788,2795903600452100104,alpha_motoneuron
2789,2787445900687100171,oligodendrocyte_progenitor_2
2790,2796212800486100190,oligodendrocyte_progenitor_2
2791,2726544600408200015,oligodendrocyte_progenitor_2
2792,2656144900235100248,DM_ex_Zfhx3
2793,2787889600350100033,MV_in_Gm26673
2794,2787889600616100019,oligodendrocyte_progenitor_2
2795,2795584800161100103,oligodendrocyte_progenitor_2
2796,2787445900264100110,oligodendrocyte_progenitor_2
2797,2787889600386100197,MV_in_Gabra1
2798,2946331700000001571,DM_ex_Zfhx3
2799,2787445900789100148,alpha_motoneuron
2800,2787889600386100119,MV_ex_Syt2
2801,2945606900000010665,oligodendrocyte_progenitor_2
2802,2787889600412100166,DH_in_Cdh3
2803,2787889600280100311,MV_ex_Syt2
2804,2787889600373100085,DH_ex_Grpr
2805,2795103300447100172,oligodendrocyte_progenitor_2
2806,2795584800675100136,oligodendrocyte_progenitor_2
2807,2946331700000018381,DH_in_Npy2r
2808,2787445900659100173,oligodendrocyte_progenitor_2
2809,2787445900225100058,DH_ex_Reln/Nmur2
2810,2787445900724100205,oligodendrocyte_progenitor_2
2811,2787445900621100087,MV_in_Gabra1
2812,2795903600142100154,MV_ex_Shox2
2813,2707604800384100067,oligodendrocyte_progenitor_2
2814,2795103300233100143,DH_in_Npy
2815,2795584800421100206,oligodendrocyte_progenitor_2
2816,2796212800275100042,astrocyte_1
2817,2726544600384100075,oligodendrocyte_progenitor_2
2818,2726562800058100130,DM_ex_Zfhx3
2819,2787889600096100110,oligodendrocyte_progenitor_2
2820,2946331700000000517,oligodendrocyte_progenitor_2
2821,2707737900008100140,oligodendrocyte_progenitor_2
2822,2787889600349100057,oligodendrocyte_progenitor_2
2823,2795584800483100058,oligodendrocyte_progenitor_2
2824,2707604700035100114,oligodendrocyte_progenitor_2
2825,2795903600506100014,oligodendrocyte_progenitor_2
2826,2787445900096100028,oligodendrocyte_progenitor_2
2827,2787889600399100068,oligodendrocyte_progenitor_2
2828,2795584800380100022,oligodendrocyte_progenitor_2
2829,2787445900858100113,oligodendrocyte_progenitor_2
2830,2946331700000019951,DH_in_Pdyn
2831,2795584800447100065,oligodendrocyte_progenitor_2
2832,2795903600412100086,DH_in_Npy
2833,2787445900253100096,oligodendrocyte_progenitor_2
2834,2787445900822100089,DH_ex_Nmu/Tac2
2835,2656144900087100085,MV_in_Gm26673
2836,2795903600696100088,oligodendrocyte_progenitor_2
2837,2787445900263100230,oligodendrocyte_progenitor_2
2838,2795903600518100205,oligodendrocyte_progenitor_2
2839,2707604700387100080,oligodendrocyte_progenitor_2
2840,2796212800463100139,oligodendrocyte_progenitor_2
2841,2656144300209100077,oligodendrocyte_progenitor_2
2842,2787889600324100020,DH_ex_Nmu/Tac2
2843,2787889600487100054,oligodendrocyte_progenitor_2
2844,2795584800202100028,MV_in_Gabra1
2845,2795584800241100088,oligodendrocyte_progenitor_2
2846,2726543700228100183,DH_in_Pdyn
2847,2795903600427100217,MV_in_Gm26673
2848,2796212800109100195,astrocyte_1
2849,2787445900714100051,DH_ex_Sox5/Tac1
2850,2656144300146100170,astrocyte_2
2851,2656144900480100100,astrocyte_1
2852,2787445900622100153,DM_ex_Zfhx3
2853,2707604700272100212,DH_ex_Reln/Nmur2
2854,2787445900325100076,oligodendrocyte_progenitor_2
2855,2787445900798100060,MV_ex_Syt2
2856,2787889600481100142,M_ex_Vsx2
2857,2707737900114100075,oligodendrocyte_progenitor_2
2858,2656144900264100098,MV_in_Gm26673
2859,2795903600242100182,oligodendrocyte_progenitor_2
2860,2656143800054100125,oligodendrocyte_progenitor_2
2861,2796212800014200068,astrocyte_1
2862,2787889600315100226,oligodendrocyte_progenitor_2
2863,2656144900350100042,M_in_Tfap2b
2864,2795584800185100096,MV_in_Sema5b
2865,2787445900299100125,M_ex_Vsx2
2866,2707604000055100101,oligodendrocyte_progenitor_2
2867,2796212800977100252,oligodendrocyte_progenitor_2
2868,2787445900250100008,oligodendrocyte_progenitor_2
2869,2787445900433100080,oligodendrocyte_progenitor_2
2870,2726544600107100200,DH_in_Rorb
2871,2787445900861100100,MV_ex_Syt2
2872,2796212800627100139,DH_in_Pdyn/Gal
2873,2795584800413100218,oligodendrocyte_progenitor_2
2874,2795903600345100018,oligodendrocyte_progenitor_2
2875,2787889600352100180,MV_ex_Shox2
2876,2707604800362100126,oligodendrocyte_progenitor_2
2877,2656144900511100121,astrocyte_1
2878,2707604700107100231,oligodendrocyte_progenitor_2
2879,2787889600478100237,oligodendrocyte_progenitor_2
2880,2707737900048100068,oligodendrocyte_progenitor_2
2881,2946331700000010844,astrocyte_1
2882,2796212800142100168,DH_in_Npy
2883,2796212800431100165,DH_in_Pdyn
2884,2795584800638100167,oligodendrocyte_progenitor_2
2885,2707604800363100070,oligodendrocyte_progenitor_2
2886,2787889600449100038,MV_in_Esrrb
2887,2795903600641100218,oligodendrocyte_progenitor_2
2888,2787445900326100140,oligodendrocyte_progenitor_2
2889,2787889600280100124,DH_ex_Nmu/Tac2
2890,2795903600544100144,oligodendrocyte_progenitor_2
2891,2795103300121100154,MV_ex_Syt2
2892,2787445900359200137,oligodendrocyte_progenitor_2
2893,2707737900050100035,DH_ex_Reln/Nmur2
2894,2796212800487100214,MV_in_Gm26673
2895,2796212800231100136,oligodendrocyte_progenitor_2
2896,2787445900622100200,MV_ex_Shox2
2897,2707604800122100102,MV_in_Gabra1
2898,2795103300194100375,DH_ex_Reln
2899,2795903600544100206,oligodendrocyte_progenitor_2
2900,2787889600450200161,oligodendrocyte_progenitor_2
2901,2707604700223100157,oligodendrocyte_progenitor_2
2902,2795103300441100051,oligodendrocyte_progenitor_2
2903,2787889600195100271,oligodendrocyte_progenitor_2
2904,2787445900098100004,oligodendrocyte_progenitor_2
2905,2795584800420100151,MV_in_Gabra1
2906,2707604800217200013,oligodendrocyte_progenitor_2
2907,2946331700000021343,DH_ex_Sox5/Tac1
2908,2795584800124100153,oligodendrocyte_progenitor_2
2909,2707604700038100179,oligodendrocyte_progenitor_2
2910,2726543700097100129,MV_in_Gm26673
2911,2796212800297100101,oligodendrocyte_progenitor_2
2912,2795584800226100082,DH_ex_Nmu/Tac2
2913,2796212800922100254,oligodendrocyte_progenitor_2
2914,2726544600001100068,oligodendrocyte_progenitor_2
2915,2726562700259100139,oligodendrocyte_1
2916,2787445900725100164,MV_ex_Syt2
2917,2795103300153100193,DH_ex_Nmu/Tac2
2918,2656144900370100131,DM_ex_Zfhx3
2919,2796212800112100235,astrocyte_1
2920,2795103300344100230,oligodendrocyte_progenitor_2
2921,2795584800623200082,oligodendrocyte_progenitor_2
2922,2795903600195100068,M_ex_Vsx2
2923,2707604700037100152,M_ex_Vsx2
2924,2787889600414100099,oligodendrocyte_progenitor_2
2925,2795584800389100042,MV_in_Gabra1
2926,2787889600447100116,oligodendrocyte_progenitor_2
2927,2787445900329100047,oligodendrocyte_progenitor_2
2928,2707604800219100116,MV_in_Gm26673
2929,2656143800241200052,oligodendrocyte_progenitor_2
2930,2787445900399100086,oligodendrocyte_progenitor_2
2931,2707737900085100115,oligodendrocyte_progenitor_2
2932,2787445900301100046,oligodendrocyte_progenitor_2
2933,2795103300198100176,M_in_Tfap2b
2934,2796212800364100068,oligodendrocyte_progenitor_2
2935,2796212800457100037,oligodendrocyte_progenitor_2
2936,2707604700110100099,oligodendrocyte_progenitor_2
2937,2787445900400100116,oligodendrocyte_progenitor_2
2938,2726542200031100165,oligodendrocyte_progenitor_2
2939,2726562800259100057,oligodendrocyte_progenitor_2
2940,2707604700343100097,oligodendrocyte_progenitor_2
2941,2946331700000008768,astrocyte_1
2942,2795903600668100098,oligodendrocyte_progenitor_2
2943,2795903600427100200,MV_ex_Shox2
2944,2726562700235100102,oligodendrocyte_progenitor_2
2945,2795903600351100074,oligodendrocyte_progenitor_2
2946,2795584800317100067,oligodendrocyte_progenitor_2
2947,2787445900285100202,oligodendrocyte_progenitor_2
2948,2707604700341100226,oligodendrocyte_progenitor_2
2949,2795584800386100058,alpha_motoneuron
2950,2656144900426100126,astrocyte_1
2951,2787445900170100146,oligodendrocyte_progenitor_2
2952,2795584800168200076,oligodendrocyte_progenitor_2
2953,2787889600022100075,oligodendrocyte_progenitor_2
2954,2656143800055100069,oligodendrocyte_progenitor_2
2955,2656144900505100240,astrocyte_1
2956,2945606900000008139,DH_ex_Sox5/Tac1
2957,2707604800381100123,oligodendrocyte_progenitor_2
2958,2656144300188100079,oligodendrocyte_progenitor_2
2959,2787889600479100142,oligodendrocyte_progenitor_2
2960,2656144900609100094,astrocyte_1
2961,2795584800435100227,DH_ex_Nmu/Tac2
2962,2787445900840100040,oligodendrocyte_progenitor_2
2963,2707604000087100068,DH_ex_Grp
2964,2787889600414100084,DH_ex_Grp
2965,2796212801012100083,DH_in_Npy2r
2966,2795584800475100354,DH_ex_Grpr
2967,2787445900681100131,oligodendrocyte_progenitor_2
2968,2656144300163100026,DH_ex_Sox5/Tac1
2969,2787889600242100115,oligodendrocyte_progenitor_2
2970,2796212800978100289,MV_in_Sema5b
2971,2726543700465100021,DM_ex_Zfhx3
2972,2787889600486100044,oligodendrocyte_progenitor_2
2973,2787889600518100094,oligodendrocyte_progenitor_2
2974,2787889600450100052,oligodendrocyte_progenitor_2
2975,2726544200035100160,DH_in_Cdh3
2976,2726562700254100258,oligodendrocyte_1
2977,2707604700035100129,oligodendrocyte_progenitor_2
2978,2656143800415100032,DH_ex_Sox5
2979,2787889600384100050,oligodendrocyte_progenitor_2
2980,2707604000056100108,MV_in_Gabra1
2981,2787445900425100106,oligodendrocyte_progenitor_2
2982,2796212800759100226,oligodendrocyte_progenitor_2
2983,2795584800492200049,DH_in_Cdh3
2984,2796212800530100015,oligodendrocyte_progenitor_2
2985,2787445900163100014,oligodendrocyte_progenitor_2
2986,2795903600465100105,oligodendrocyte_progenitor_2
2987,2707737900020100117,oligodendrocyte_progenitor_2
2988,2656143800393200051,MV_in_Esrrb
2989,2707604000084100188,oligodendrocyte_progenitor_2
2990,2795584800639100062,oligodendrocyte_progenitor_2
2991,2787445900205100131,alpha_motoneuron
2992,2795103300346100016,MV_in_Sema5b
2993,2945606900000016841,oligodendrocyte_progenitor_2
2994,2707604000055100062,oligodendrocyte_progenitor_2
2995,2707604700272100173,DH_ex_Grp
2996,2796212800593200101,oligodendrocyte_progenitor_2
2997,2656144900561100079,DH_in_Npy2r
2998,2945606900000003353,oligodendrocyte_progenitor_2
2999,2795103300381100056,MV_in_Gm26673
3000,2795584800204100202,oligodendrocyte_progenitor_2
3001,2945606900000009991,DH_ex_Nmu/Tac2
3002,2945606900000008258,DH_in_Cdh3
3003,2787445900249100154,DH_ex_Grpr
3004,2656144300194100091,astrocyte_2
3005,2787445900297200033,oligodendrocyte_progenitor_2
3006,2707604700200100028,oligodendrocyte_progenitor_2
3007,2707604700202100098,oligodendrocyte_progenitor_2
3008,2787889600245100091,DH_ex_Reln/Nmur2
3009,2787889600243100118,oligodendrocyte_progenitor_2
3010,2656144900541100232,astrocyte_1
3011,2945606900000008288,oligodendrocyte_progenitor_2
3012,2656144900479100104,MV_in_Sema5b
3013,2796212801012100276,oligodendrocyte_progenitor_2
3014,2796212800716100019,DH_in_Rorb
3015,2796212800342100093,astrocyte_1
3016,2787889600091100104,oligodendrocyte_progenitor_2
3017,2795103300400100209,DH_in_Pdyn
3018,2795103300364100173,oligodendrocyte_progenitor_2
3019,2787445900364100113,oligodendrocyte_progenitor_2
3020,2787445900511100018,oligodendrocyte_progenitor_2
3021,2787889600056100155,oligodendrocyte_progenitor_2
3022,2787445900253200119,DH_ex_Nmu/Tac2
3023,2656144900421100144,MV_ex_Syt2
3024,2656143800002100054,oligodendrocyte_progenitor_2
3025,2787445900726100102,DH_in_Rorb
3026,2656144900643100065,astrocyte_1
3027,2787445900390100039,DH_ex_Reln/Nmur2
3028,2656144900478100141,astrocyte_1
3029,2787889600317100071,oligodendrocyte_progenitor_2
3030,2656143800368100174,MV_ex_Syt2
3031,2707604800364100074,DH_in_Cdh3
3032,2787889600410100307,oligodendrocyte_progenitor_2
3033,2796212800080100059,astrocyte_1
3034,2787889600093100174,oligodendrocyte_progenitor_2
3035,2787445900509100100,oligodendrocyte_progenitor_2
3036,2656144900139100108,astrocyte_1
3037,2656144900235100169,DH_ex_Gpr83
3038,2656144900529100204,DH_ex_Nmu/Tac2
3039,2707604700067100037,DM_ex_Zfhx3
3040,2787445900126100102,DM_ex_Zfhx3
3041,2787445900861100092,oligodendrocyte_progenitor_2
3042,2796212800617100052,oligodendrocyte_progenitor_2
3043,2946331700000000226,oligodendrocyte_progenitor_2
3044,2656144900394100177,DH_ex_Reln/Nmur2
3045,2707737900033100114,oligodendrocyte_progenitor_2
3046,2707604700224100100,oligodendrocyte_progenitor_2
3047,2787445900725100139,oligodendrocyte_progenitor_2
3048,2796212800854100128,oligodendrocyte_progenitor_2
3049,2787445900424100219,visceral_motoneuron
3050,2795103300231100041,oligodendrocyte_progenitor_2
3051,2795584800483100060,DH_ex_Sox5/Tac1
3052,2787445900360100101,oligodendrocyte_progenitor_2
3053,2787445900204100072,oligodendrocyte_progenitor_2
3054,2787445900254100028,oligodendrocyte_progenitor_2
3055,2787445900620100194,M_ex_Vsx2
3056,2656144900503100092,DH_ex_Gpr83
3057,2787445900248100093,oligodendrocyte_progenitor_2
3058,2795584800238100195,DH_ex_Nmu/Tac2
3059,2796212800920100176,oligodendrocyte_progenitor_2
3060,2656143800079100124,alpha_motoneuron
3061,2726562700098100191,oligodendrocyte_1
3062,2787889600382100009,oligodendrocyte_progenitor_2
3063,2707604000041100216,oligodendrocyte_progenitor_2
3064,2707604800014100200,DM_ex_Zfhx3
3065,2656144900582100061,astrocyte_1
3066,2796212800420100048,DH_in_Npy
3067,2707737900061100243,MV_in_Gabra1
3068,2796212800431100100,oligodendrocyte_progenitor_2
3069,2787445900207200058,oligodendrocyte_progenitor_2
3070,2795103300144100207,oligodendrocyte_progenitor_2
3071,2707604800059100101,oligodendrocyte_progenitor_2
3072,2726544600134100266,DH_ex_Prkcg/Rxfp1
3073,2787445900358100089,oligodendrocyte_progenitor_2
3074,2787445900549100091,DH_in_Npy2r
3075,2656144300141100102,oligodendrocyte_progenitor_2
3076,2787445900325100055,MV_in_Gabra1
3077,2787445900715100178,MV_in_Sema5b
3078,2656143800055100088,oligodendrocyte_progenitor_2
3079,2945606900000008639,oligodendrocyte_progenitor_2
3080,2945606900000017007,M_ex_Vsx2
3081,2946331700000015026,DH_in_Cdh3
3082,2656143800392100113,oligodendrocyte_progenitor_2
3083,2707737900133100065,MV_in_Esrrb
3084,2707604700129100116,oligodendrocyte_progenitor_2
3085,2945606900000011833,oligodendrocyte_progenitor_2
3086,2707604000087100248,oligodendrocyte_progenitor_2
3087,2795103300232100152,DM_ex_Zfhx3
3088,2726544600083100032,visceral_motoneuron
3089,2656144900238100152,astrocyte_1
3090,2787889600442100223,oligodendrocyte_progenitor_2
3091,2795584800204100013,oligodendrocyte_progenitor_2
3092,2795584800454100181,DH_ex_Gpr83
3093,2795903600381100121,oligodendrocyte_progenitor_2
3094,2796212800911100135,alpha_motoneuron
3095,2787445900548100045,DH_ex_Reln/Nmur2
3096,2787445900285100230,MV_ex_Syt2
3097,2795584800586100199,MV_in_Gm26673
3098,2656144900136100022,DH_in_Pdyn/Gal
3099,2787889600024100276,oligodendrocyte_progenitor_2
3100,2707604700039100110,oligodendrocyte_progenitor_2
3101,2787445900694100151,oligodendrocyte_progenitor_2
3102,2787445900618100015,oligodendrocyte_progenitor_2
3103,2707604700063200086,oligodendrocyte_progenitor_2
3104,2787889600549100040,oligodendrocyte_progenitor_2
3105,2656143800415200026,DH_in_Pdyn/Gal
3106,2787445900387100144,DH_ex_Gpr83
3107,2656143800003100174,DH_ex_Reln
3108,2787889600484100114,oligodendrocyte_progenitor_2
3109,2795584800447200059,oligodendrocyte_progenitor_2
3110,2795584800494100164,DH_ex_Reln/Nmur2
3111,2707604800381100208,oligodendrocyte_progenitor_2
3112,2946331700000004372,oligodendrocyte_progenitor_2
3113,2656144900540100119,astrocyte_1
3114,2707604700316100018,oligodendrocyte_progenitor_2
3115,2795103300199100126,oligodendrocyte_progenitor_2
3116,2707737900020100115,MV_in_Gabra1
3117,2795584800202100097,oligodendrocyte_progenitor_2
3118,2707604800120100016,oligodendrocyte_progenitor_2
3119,2787445900822100024,oligodendrocyte_progenitor_2
3120,2787445900754100135,oligodendrocyte_progenitor_2
3121,2787445900897100166,oligodendrocyte_progenitor_2
3122,2707604700225100088,oligodendrocyte_progenitor_2
3123,2945606900000007061,oligodendrocyte_progenitor_2
3124,2796212800882100121,DH_in_Npy
3125,2707604800381100184,MV_in_Sema5b
3126,2787445900585100137,oligodendrocyte_progenitor_2
3127,2796212800554100140,oligodendrocyte_progenitor_2
3128,2707604800383100102,M_in_Tfap2b
3129,2796212800422100029,oligodendrocyte_progenitor_2
3130,2787889600058100165,MV_in_Gm26673
3131,2795584800554100053,oligodendrocyte_progenitor_2
3132,2946331700000013147,astrocyte_2
3133,2787889600414100221,oligodendrocyte_progenitor_2
3134,2787889600478100135,oligodendrocyte_progenitor_2
3135,2656143800153100147,DH_in_Cdh3
3136,2787889600444100173,oligodendrocyte_progenitor_2
3137,2796212800882100235,oligodendrocyte_progenitor_2
3138,2656144900539100036,astrocyte_1
3139,2787445900135100181,MV_ex_Syt2
3140,2787889600061100183,oligodendrocyte_progenitor_2
3141,2946331700000003533,oligodendrocyte_progenitor_2
3142,2787445900426100162,oligodendrocyte_progenitor_2
3143,2787889600197100038,oligodendrocyte_progenitor_2
3144,2787445900290100041,DH_ex_Reln
3145,2787889600488100105,oligodendrocyte_progenitor_2
3146,2656143800030100114,oligodendrocyte_progenitor_2
3147,2707737900060100102,oligodendrocyte_progenitor_2
3148,2945606900000003039,oligodendrocyte_progenitor_2
3149,2795903600641100121,MV_in_Gabra1
3150,2946331700000020255,astrocyte_1
3151,2787445900285100095,DH_in_Npy
3152,2787445900546100206,oligodendrocyte_progenitor_2
3153,2787445900351100078,oligodendrocyte_progenitor_2
3154,2787445900718100138,M_ex_Vsx2
3155,2707604700271100043,oligodendrocyte_progenitor_2
3156,2707604700083200005,oligodendrocyte_progenitor_2
3157,2787889600096100085,oligodendrocyte_progenitor_2
3158,2787445900236100041,oligodendrocyte_progenitor_2
3159,2945606900000008034,DH_ex_Nmu/Tac2
3160,2787889600351100301,MV_in_Esrrb
3161,2787889600317100050,oligodendrocyte_progenitor_2
3162,2656144900111100046,DH_ex_Nmu/Tac2
3163,2726544600028200111,oligodendrocyte_progenitor_2
3164,2946331700000009271,astrocyte_1
3165,2787889600276100099,DH_ex_Grp
3166,2946331700000018992,astrocyte_1
3167,2787889600326100066,DH_ex_Sox5/Tac1
3168,2787445900400100155,oligodendrocyte_progenitor_2
3169,2787889600276100038,DH_ex_Sox5/Tac1
3170,2707737900108100034,oligodendrocyte_progenitor_2
3171,2787445900265100291,oligodendrocyte_progenitor_2
3172,2787445900586100022,oligodendrocyte_progenitor_2
3173,2656144900582100222,astrocyte_1
3174,2946331700000014828,astrocyte_1
3175,2787445900263100206,oligodendrocyte_progenitor_2
3176,2656143800053100154,M_in_Tfap2b
3177,2946331700000005026,MV_in_Esrrb
3178,2796212800386100231,oligodendrocyte_progenitor_2
3179,2656144900194200120,astrocyte_1
3180,2795584800708100152,MV_ex_Shox2
3181,2787445900657100212,alpha_motoneuron
3182,2707737900061100135,oligodendrocyte_progenitor_2
3183,2707604700063100164,DH_ex_Nmu/Tac2
3184,2707604800082100241,oligodendrocyte_progenitor_2
3185,2795584800225100164,DH_ex_Nmu/Tac2
3186,2707604700012100098,oligodendrocyte_progenitor_2
3187,2656144900235100263,DH_ex_Reln/Nmur2
3188,2796212800625100047,oligodendrocyte_progenitor_2
3189,2787445900167100041,oligodendrocyte_progenitor_2
3190,2796212800627100195,DH_ex_Sox5
3191,2787889600129100176,oligodendrocyte_progenitor_2
3192,2787889600059100066,oligodendrocyte_progenitor_2
3193,2787889600514100180,oligodendrocyte_progenitor_2
3194,2787445900586100031,oligodendrocyte_progenitor_2
3195,2795584800371100111,oligodendrocyte_progenitor_2
3196,2787445900897100066,oligodendrocyte_progenitor_2
3197,2796212800747100190,oligodendrocyte_progenitor_2
3198,2795903600412100098,DH_in_Cdh3
3199,2707604000041100058,MV_in_Gm26673
3200,2795103300233100184,DH_ex_Reln
3201,2787445900598100282,oligodendrocyte_progenitor_2
3202,2795903600266100110,oligodendrocyte_progenitor_2
3203,2656144900370100123,astrocyte_1
3204,2787889600409100112,DH_in_Cdh3
3205,2707604800058100113,alpha_motoneuron
3206,2795584800138100049,M_in_Tfap2b
3207,2656144900140100149,astrocyte_1
3208,2945606900000000829,oligodendrocyte_progenitor_2
3209,2787889600479100081,oligodendrocyte_progenitor_2
3210,2795584800380100073,oligodendrocyte_progenitor_2
3211,2795903600669100244,oligodendrocyte_progenitor_2
3212,2796212800273100051,astrocyte_1
3213,2787889600442200111,oligodendrocyte_progenitor_2
3214,2946331700000018556,oligodendrocyte_progenitor_2
3215,2656144900641200236,astrocyte_1
3216,2795584800449100186,DH_ex_Reln/Nmur2
3217,2656144900557100170,MV_in_Gabra1
3218,2656144900325100282,VH_in_Chat
3219,2787445900501100089,oligodendrocyte_progenitor_2
3220,2945606900000011754,oligodendrocyte_progenitor_2
3221,2795103300109100244,oligodendrocyte_progenitor_2
3222,2726562700098100166,oligodendrocyte_precursor_cell
3223,2707737900102200025,oligodendrocyte_progenitor_2
3224,2787445900193100096,oligodendrocyte_progenitor_2
3225,2656144900422100095,astrocyte_1
3226,2787445900861100070,oligodendrocyte_progenitor_2
3227,2796212800452100019,oligodendrocyte_progenitor_2
3228,2656143800153100291,DH_ex_Nmu/Tac2
3229,2707604700270100094,oligodendrocyte_progenitor_2
3230,2795584800450100122,oligodendrocyte_progenitor_2
3231,2795903600644100267,DH_ex_Grpr
3232,2787889600384100072,oligodendrocyte_progenitor_2
3233,2946331700000008175,oligodendrocyte_progenitor_2
3234,2796212800142100226,DH_ex_Nmu/Tac2
3235,2656144900503100030,DM_ex_Zfhx3
3236,2707737900062100196,DM_ex_Zfhx3
3237,2795584800424100132,oligodendrocyte_progenitor_2
3238,2796212800406200039,astrocyte_1
3239,2796212800362100058,oligodendrocyte_progenitor_2
3240,2787889600580100085,oligodendrocyte_progenitor_2
3241,2787445900545100259,DH_ex_Nmu/Tac2
3242,2787445900285100040,DH_ex_Grpr
3243,2795903600614100247,alpha_motoneuron
3244,2796212800429200130,oligodendrocyte_progenitor_2
3245,2707604700248100130,MV_in_Gabra1
3246,2707737900072100128,astrocyte_2
3247,2795903600084100157,oligodendrocyte_progenitor_2
3248,2707604800036100068,oligodendrocyte_progenitor_2
3249,2787445900401100094,oligodendrocyte_progenitor_2
3250,2795584800169100066,MV_in_Sema5b
3251,2787445900661100032,oligodendrocyte_progenitor_2
3252,2946331700000015237,M_ex_Vsx2
3253,2795584800089100191,MV_in_Sema5b
3254,2656144900584100094,astrocyte_1
3255,2787889600520100019,oligodendrocyte_progenitor_2
3256,2946331700000002977,oligodendrocyte_progenitor_2
3257,2945606900000028658,MV_in_Gm26673
3258,2787445900169200195,oligodendrocyte_progenitor_2
3259,2656144900084100127,DH_ex_Sox5
3260,2707737900113100021,oligodendrocyte_progenitor_2
3261,2796212800342100106,astrocyte_1
3262,2787445900288100080,DH_ex_Nmu/Tac2
3263,2945606900000017085,oligodendrocyte_progenitor_2
3264,2795903600516100106,oligodendrocyte_progenitor_2
3265,2795584800169100095,oligodendrocyte_progenitor_2
3266,2795584800398100165,oligodendrocyte_progenitor_2
3267,2707604700201100128,oligodendrocyte_progenitor_2
3268,2787889600277100211,DH_ex_Sox5/Tac1
3269,2726544600134100267,DH_in_Npy
3270,2796212800487100146,MV_ex_Shox2
3271,2795584800139100187,oligodendrocyte_progenitor_2
3272,2656144900396100012,astrocyte_1
3273,2945606900000008285,oligodendrocyte_progenitor_2
3274,2795103300197100247,M_in_Tfap2b
3275,2787889600410100211,DH_ex_Nmu/Tac2
3276,2656144900139100210,astrocyte_1
3277,2707604000138100207,MV_ex_Syt2
3278,2795103300144100048,oligodendrocyte_progenitor_2
3279,2787445900756100130,oligodendrocyte_progenitor_2
3280,2707604000057100280,oligodendrocyte_progenitor_2
3281,2795584800450100085,DH_ex_Prkcg/Rxfp1
3282,2787889600165100109,oligodendrocyte_progenitor_2
3283,2796212800714100160,oligodendrocyte_progenitor_2
3284,2656144300102100121,oligodendrocyte_progenitor_2
3285,2787445900546100122,DH_in_Rorb
3286,2707737900144100193,oligodendrocyte_progenitor_2
3287,2787445900426100066,oligodendrocyte_progenitor_2
3288,2707737900007100209,DH_in_Cdh3
3289,2787445900264100162,DH_ex_Sox5/Tac1
3290,2707737900033100094,oligodendrocyte_progenitor_2
3291,2945606900000003315,oligodendrocyte_progenitor_2
3292,2787889600060100135,oligodendrocyte_progenitor_2
3293,2787445900254100149,oligodendrocyte_2
3294,2656144900515100046,MV_in_Gm26673
3295,2656144900324100087,visceral_motoneuron
3296,2795103300331100101,MV_in_Gm26673
3297,2707604700036100237,oligodendrocyte_progenitor_2
3298,2795903600355100221,DH_ex_Sox5
3299,2795903600346100184,oligodendrocyte_progenitor_2
3300,2656144900557100176,astrocyte_1
3301,2707604700092100221,DH_in_Cdh3
3302,2795903600031100115,oligodendrocyte_progenitor_2
3303,2795103300379100093,DH_in_Npy2r
3304,2707604800040100073,oligodendrocyte_progenitor_2
3305,2795903600401100069,DH_ex_Sox5
3306,2795584800602100066,oligodendrocyte_progenitor_2
3307,2787445900687100034,oligodendrocyte_progenitor_2
3308,2795903600301100290,oligodendrocyte_progenitor_2
3309,2795584800173100213,DH_in_Cdh3
3310,2795103300445100105,oligodendrocyte_progenitor_2
3311,2726562700202100408,oligodendrocyte_1
3312,2707604700364100170,oligodendrocyte_progenitor_2
3313,2795103300160100112,oligodendrocyte_progenitor_2
3314,2656144900210100144,astrocyte_1
3315,2787445900267100147,oligodendrocyte_progenitor_2
3316,2726543700401100085,MV_in_Gm26673
3317,2787445900325100234,oligodendrocyte_2
3318,2946331700000004230,DH_in_Cdh3
3319,2707604700295100037,oligodendrocyte_progenitor_2
3320,2795103300411100061,oligodendrocyte_progenitor_2
3321,2707604800036100067,oligodendrocyte_progenitor_2
3322,2787445900224100139,MV_in_Gabra1
3323,2796212800242100063,DH_ex_Nmu/Tac2
3324,2656144300146100120,DH_ex_Tac2
3325,2796212801012100143,oligodendrocyte_progenitor_2
3326,2795584800165100086,MV_in_Sema5b
3327,2945606900000008776,oligodendrocyte_progenitor_2
3328,2787445900395100044,alpha_motoneuron
3329,2796212800954200056,oligodendrocyte_progenitor_2
3330,2707604000070100108,oligodendrocyte_progenitor_2
3331,2656143800391100097,oligodendrocyte_progenitor_2
3332,2796212800887100159,oligodendrocyte_progenitor_2
3333,2726544600056100012,alpha_motoneuron
3334,2726543700401100019,alpha_motoneuron
3335,2787889600316100223,oligodendrocyte_progenitor_2
3336,2656143800127100139,DH_in_Pdyn
3337,2796212800944200009,oligodendrocyte_progenitor_2
3338,2726544200038100146,MV_in_Esrrb
3339,2656144900539100070,astrocyte_1
3340,2656144900370100148,astrocyte_1
3341,2656144900211100123,MV_ex_Syt2
3342,2795584800226100051,DH_in_Npy
3343,2946331700000008653,MV_in_Esrrb
3344,2787889600389100026,oligodendrocyte_progenitor_2
3345,2945606900000017058,oligodendrocyte_progenitor_2
3346,2796212800667100170,DH_ex_Nmu/Tac2
3347,2787445900298100061,MV_in_Gabra1
3348,2795903600515100021,oligodendrocyte_progenitor_2
3349,2796212800944100117,MV_ex_Syt2
3350,2946331700000020264,astrocyte_1
3351,2795903600169100077,MV_in_Gabra1
3352,2796212800141100044,astrocyte_1
3353,2787889600481100250,alpha_motoneuron
3354,2787445900395100058,alpha_motoneuron
3355,2787889600023100067,DH_ex_Reln/Nmur2
3356,2796212800760100230,DH_ex_Cpne4
3357,2796212800945100203,MV_in_Gabra1
3358,2946331700000012260,astrocyte_1
3359,2787445900716100099,oligodendrocyte_progenitor_2
3360,2726562800178100093,oligodendrocyte_progenitor_2
3361,2787889600091100019,oligodendrocyte_progenitor_2
3362,2796212800365100135,DH_ex_Gpr83
3363,2707604000123100102,MV_in_Gm26673
3364,2656144300188100108,oligodendrocyte_progenitor_2
3365,2707604700343100260,oligodendrocyte_progenitor_2
3366,2707604800382100049,oligodendrocyte_progenitor_2
3367,2787445900726100058,DH_ex_Gpr83
3368,2656144900564100009,astrocyte_1
3369,2787445900200100107,oligodendrocyte_progenitor_2
3370,2787889600312100235,oligodendrocyte_progenitor_2
3371,2787445900288100199,oligodendrocyte_progenitor_2
3372,2787889600444100129,oligodendrocyte_progenitor_2
3373,2795903600143100084,DH_ex_Reln/Nmur2
3374,2795584800386100149,oligodendrocyte_progenitor_2
3375,2707604700248100085,oligodendrocyte_progenitor_2
3376,2795584800450100114,DH_ex_Sox5/Tac1
3377,2787445900090100212,DH_in_Cdh3
3378,2787445900249100091,oligodendrocyte_progenitor_2
3379,2796212800329100061,DH_ex_Reln/Nmur2
3380,2795584800103100101,alpha_motoneuron
3381,2707604700199100059,oligodendrocyte_progenitor_2
3382,2787445900698100087,oligodendrocyte_progenitor_2
3383,2787889600479100079,MV_in_Sema5b
3384,2707604700092100060,oligodendrocyte_progenitor_2
3385,2796212800398100212,oligodendrocyte_progenitor_2
3386,2787889600424100025,oligodendrocyte_progenitor_2
3387,2795103300098100068,oligodendrocyte_progenitor_2
3388,2787445900545100103,oligodendrocyte_2
3389,2707604000070100266,MV_ex_Syt2
3390,2656144900138100129,M_in_Tfap2b
3391,2707604700343100049,M_in_Tfap2b
3392,2787445900322100045,oligodendrocyte_progenitor_2
3393,2795584800171100054,oligodendrocyte_progenitor_2
3394,2707604800381100098,DH_ex_Grpr
3395,2656144900561100215,MV_in_Sema5b
3396,2795584800638100227,M_ex_Vsx2
3397,2707737900073100026,oligodendrocyte_progenitor_2
3398,2796212800918100085,oligodendrocyte_progenitor_2
3399,2796212800911100084,alpha_motoneuron
3400,2787445900249100087,oligodendrocyte_progenitor_2
3401,2707737900076100074,oligodendrocyte_progenitor_2
3402,2796212800979100165,oligodendrocyte_progenitor_2
3403,2795903600437100039,DM_ex_Zfhx3
3404,2656143800030100113,oligodendrocyte_progenitor_2
3405,2787445900362100155,oligodendrocyte_progenitor_2
3406,2795903600590100324,DH_in_Npy2r
3407,2795584800136100190,oligodendrocyte_progenitor_2
3408,2707604700272100273,oligodendrocyte_progenitor_2
3409,2707604000057100051,oligodendrocyte_progenitor_2
3410,2787445900225200121,oligodendrocyte_progenitor_2
3411,2795103300120100096,oligodendrocyte_progenitor_2
3412,2707604700342100276,oligodendrocyte_progenitor_2
3413,2787445900352100128,DH_ex_Nmu/Tac2
3414,2796212800355100168,oligodendrocyte_progenitor_2
3415,2795584800139100099,oligodendrocyte_progenitor_2
3416,2787445900402100104,oligodendrocyte_progenitor_2
3417,2707737900089100184,DH_ex_Nmu/Tac2
3418,2707604700249100275,oligodendrocyte_progenitor_2
3419,2946331700000015789,astrocyte_1
3420,2707604800339100061,oligodendrocyte_progenitor_2
3421,2787445900551100033,oligodendrocyte_progenitor_2
3422,2795103300400100190,DH_ex_Reln/Nmur2
3423,2656144900193200027,astrocyte_1
3424,2707604000043100041,oligodendrocyte_progenitor_2
3425,2946331700000003237,M_in_Tfap2b
3426,2795903600355100209,DH_ex_Reln/Npff
3427,2945606900000008103,oligodendrocyte_progenitor_2
3428,2787445900387100067,oligodendrocyte_progenitor_2
3429,2795584800420100157,oligodendrocyte_progenitor_2
3430,2787445900699100027,oligodendrocyte_progenitor_2
3431,2656144900507100042,astrocyte_1
3432,2787445900583100228,oligodendrocyte_progenitor_2
3433,2787445900660100195,oligodendrocyte_progenitor_2
3434,2787889600326100129,DH_ex_Sox5/Tac1
3435,2707604000110100199,oligodendrocyte_progenitor_2
3436,2945606900000002072,oligodendrocyte_progenitor_2
3437,2787445900797100068,alpha_motoneuron
3438,2795903600517100039,oligodendrocyte_progenitor_2
3439,2795103300198100139,oligodendrocyte_progenitor_2
3440,2656144900420100104,DH_ex_Gpr83
3441,2656144900191100136,astrocyte_1
3442,2787889600350100192,oligodendrocyte_progenitor_2
3443,2787445900207100053,oligodendrocyte_progenitor_2
3444,2656144900531100089,astrocyte_1
3445,2787445900363100156,oligodendrocyte_progenitor_2
3446,2796212800954100106,DH_in_Cdh3
3447,2787889600548100037,oligodendrocyte_progenitor_2
3448,2707604800444100206,DH_in_Cdh3
3449,2795584800238100078,oligodendrocyte_progenitor_2
3450,2787445900232100039,oligodendrocyte_progenitor_2
3451,2726562700117100251,oligodendrocyte_1
3452,2656143800216100281,oligodendrocyte_progenitor_2
3453,2796212800386100204,oligodendrocyte_progenitor_2
3454,2795103300154100226,oligodendrocyte_progenitor_2
3455,2656143800078100016,MV_in_Gabra1
3456,2787445900463100070,oligodendrocyte_progenitor_2
3457,2707604700249100125,M_ex_Neurod2
3458,2787445900361100156,MV_in_Gabra1
3459,2796212800887100255,oligodendrocyte_progenitor_2
3460,2946331700000018654,DM_ex_Zfhx3
3461,2707737900133100092,astrocyte_2
3462,2946331700000000099,oligodendrocyte_progenitor_2
3463,2707737900147100265,DH_in_Cdh3
3464,2787445900264100080,oligodendrocyte_progenitor_2
3465,2796212800109100028,MV_in_Gm26673
3466,2787889600413200146,oligodendrocyte_progenitor_2
3467,2946331700000017621,astrocyte_1
3468,2796212800879100271,oligodendrocyte_progenitor_2
3469,2707737900113100122,oligodendrocyte_progenitor_2
3470,2787445900207100076,oligodendrocyte_progenitor_2
3471,2795903600293100043,oligodendrocyte_progenitor_2
3472,2787445900330100031,DH_in_Cdh3
3473,2796212801012100241,DH_ex_Reln/Nmur2
3474,2796212800715100024,oligodendrocyte_progenitor_2
3475,2795903600348100258,DH_in_Pdyn
3476,2795584800136100046,oligodendrocyte_progenitor_2
3477,2787445900895100097,oligodendrocyte_progenitor_2
3478,2796212800398100220,oligodendrocyte_progenitor_2
3479,2656144900557100097,cholinergic_interneuron
3480,2795903600139100161,oligodendrocyte_progenitor_2
3481,2656144900351100250,astrocyte_1
3482,2787445900298100141,oligodendrocyte_progenitor_2
3483,2945606900000006399,DH_ex_Nmu/Tac2
3484,2796212800110100227,DH_in_Npy
3485,2707604000056100228,M_ex_Neurod2
3486,2707604700341100134,MV_in_Gm26673
3487,2787889600024100133,oligodendrocyte_progenitor_2
3488,2787445900364100096,MV_in_Gm26673
3489,2787889600389100113,oligodendrocyte_progenitor_2
3490,2656144900166100050,MV_in_Gm26673
3491,2795103300189100053,DH_ex_Reln/Nmur2
3492,2707604800240100133,oligodendrocyte_progenitor_2
3493,2787445900360100030,M_ex_Vsx2
3494,2796212800693100145,oligodendrocyte_progenitor_2
3495,2795903600300100015,oligodendrocyte_progenitor_2
3496,2945606900000010265,oligodendrocyte_progenitor_2
3497,2795903600059100172,M_in_Tfap2b
3498,2795584800203100169,oligodendrocyte_progenitor_2
3499,2787889600386100047,MV_in_Gm26673
3500,2656144900315100105,DH_in_Npy2r
3501,2946331700000022168,oligodendrocyte_progenitor_2
3502,2656144900315100097,astrocyte_1
3503,2787445900266100075,oligodendrocyte_progenitor_2
3504,2787445900753100135,oligodendrocyte_progenitor_2
3505,2787889600279100127,DH_in_Cdh3
3506,2656143800392200020,oligodendrocyte_progenitor_2
3507,2787445900464100013,oligodendrocyte_progenitor_2
3508,2795903600328100221,DH_ex_Nmu/Tac2
3509,2787445900169100146,M_in_Tfap2b
3510,2787889600230100072,DH_ex_Gpr83
3511,2787445900400100120,MV_in_Gm26673
3512,2796212801012100065,oligodendrocyte_progenitor_2
3513,2726544200035100285,DM_ex_Zfhx3
3514,2787445900620100245,oligodendrocyte_progenitor_2
3515,2707737900144100053,oligodendrocyte_progenitor_2
3516,2656144900237100038,astrocyte_1
3517,2707737900087100252,oligodendrocyte_progenitor_2
3518,2787445900359100160,oligodendrocyte_progenitor_2
3519,2787445900328100169,oligodendrocyte_progenitor_2
3520,2707604800241100072,oligodendrocyte_progenitor_2
3521,2795584800139100101,oligodendrocyte_progenitor_2
3522,2795103300179100145,M_in_Tfap2b
3523,2707604700062100241,oligodendrocyte_progenitor_2
3524,2795903600032100277,DH_in_Npy2r
3525,2726542200063100066,oligodendrocyte_progenitor_2
3526,2787445900207100111,oligodendrocyte_progenitor_2
3527,2796212800789100204,oligodendrocyte_1
3528,2656144300148100064,MV_in_Esrrb
3529,2707604800364100112,oligodendrocyte_progenitor_2
3530,2726543700433100056,oligodendrocyte_progenitor_2
3531,2656144900479100067,alpha_motoneuron
3532,2946331700000001850,oligodendrocyte_progenitor_2
3533,2787445900696100123,oligodendrocyte_progenitor_2
3534,2795903600268100280,oligodendrocyte_progenitor_2
3535,2656144900477100089,astrocyte_1
3536,2787889600268100074,oligodendrocyte_progenitor_2
3537,2656144900377100035,astrocyte_1
3538,2795584800189100082,MV_in_Gm26673
3539,2656143800392100245,M_in_Tfap2b
3540,2787445900127100157,oligodendrocyte_progenitor_2
3541,2787889600094200139,oligodendrocyte_progenitor_2
3542,2656144900349100047,DH_in_Npy
3543,2707604800081100185,oligodendrocyte_progenitor_2
3544,2787889600384100018,oligodendrocyte_progenitor_2
3545,2945606900000009975,oligodendrocyte_progenitor_2
3546,2795903600438100231,oligodendrocyte_progenitor_2
3547,2796212800760100162,DH_in_Npy2r
3548,2707737900099100225,oligodendrocyte_progenitor_2
3549,2795903600669100127,oligodendrocyte_progenitor_2
3550,2787445900262100020,MV_ex_Syt2
3551,2795903600031100131,MV_in_Gm26673
3552,2787445900788100010,MV_in_Gm26673
3553,2707604700069100160,oligodendrocyte_progenitor_2
3554,2795584800224100184,DH_ex_Prkcg/Rxfp1
3555,2707604700198200065,oligodendrocyte_progenitor_2
3556,2787445900245100093,oligodendrocyte_progenitor_2
3557,2787445900339100052,oligodendrocyte_progenitor_2
3558,2796212800846100041,oligodendrocyte_progenitor_2
3559,2787445900795100011,oligodendrocyte_progenitor_2
3560,2707604700035100148,oligodendrocyte_progenitor_2
3561,2796212800593100265,oligodendrocyte_progenitor_2
3562,2707604000138100256,astrocyte_2
3563,2787445900584100195,oligodendrocyte_progenitor_2
3564,2796212800882100197,DH_ex_Prkcg/Rxfp1
3565,2707604700387100023,oligodendrocyte_progenitor_2
3566,2796212800265100128,DH_in_Cdh3
3567,2656144900323100152,DH_ex_Reln/Nmur2
3568,2787445900229100208,MV_in_Sema5b
3569,2796212800207100138,astrocyte_1
3570,2795903600114100165,oligodendrocyte_progenitor_2
3571,2796212800364100264,oligodendrocyte_progenitor_2
3572,2795903600058100192,oligodendrocyte_progenitor_2
3573,2787445900729100033,oligodendrocyte_progenitor_2
3574,2795103300447100137,oligodendrocyte_progenitor_2
3575,2707604700107200074,oligodendrocyte_progenitor_2
3576,2707604800363100173,MV_in_Sema5b
3577,2656144900235100060,DH_ex_Reln/Nmur2
3578,2795103300156100092,MV_in_Gm26673
3579,2796212800395100100,MV_in_Gm26673
3580,2707604800341100161,oligodendrocyte_progenitor_2
3581,2946331700000014082,DH_in_Cdh3
3582,2787445900291100079,oligodendrocyte_progenitor_2
3583,2796212800530100054,DH_ex_Sox5
3584,2795903600209100030,alpha_motoneuron
3585,2787445900655100101,M_ex_Vsx2
3586,2795903600347100057,oligodendrocyte_progenitor_2
3587,2656144300186100055,oligodendrocyte_progenitor_2
3588,2656144900530100114,astrocyte_1
3589,2787445900389100196,oligodendrocyte_progenitor_2
3590,2795584800414100062,oligodendrocyte_progenitor_2
3591,2787889600619100099,oligodendrocyte_progenitor_2
3592,2787445900586100074,oligodendrocyte_progenitor_2
3593,2796212800921100156,oligodendrocyte_progenitor_2
3594,2795903600570100039,oligodendrocyte_progenitor_2
3595,2946331700000006665,DH_ex_Grpr
3596,2787445900162100103,M_ex_Vsx2
3597,2656144900275100074,astrocyte_1
3598,2787445900188100049,DH_in_Pdyn/Gal
3599,2656143800239100101,DH_in_Cdh3
3600,2726562700200200076,M_ex_Vsx2
3601,2787889600315100119,oligodendrocyte_progenitor_2
3602,2796212800396100250,MV_ex_Syt2
3603,2796212800789100123,alpha_motoneuron
3604,2795103300233200244,oligodendrocyte_progenitor_2
3605,2656143800054100163,oligodendrocyte_progenitor_2
3606,2796212800407100061,astrocyte_1
3607,2795103300406100055,oligodendrocyte_progenitor_2
3608,2796212800625100093,oligodendrocyte_progenitor_2
3609,2787445900583100119,DH_in_Cdh3
3610,2787445900426100096,oligodendrocyte_progenitor_2
3611,2707604800165100007,oligodendrocyte_progenitor_2
3612,2707604800445100024,DH_in_Cdh3
3613,2946331700000015810,astrocyte_1
3614,2787445900246100128,oligodendrocyte_progenitor_2
3615,2656144900529100234,astrocyte_1
3616,2795584800103100226,oligodendrocyte_progenitor_2
3617,2796212800595100097,DH_in_Pdyn
3618,2796212800593100045,DM_ex_Zfhx3
3619,2707604700225100046,MV_in_Gm26673
3620,2656144900326100051,astrocyte_1
3621,2787889600229100089,MV_in_Sema5b
3622,2796212800822100087,MV_in_Gabra1
3623,2787889600410100022,oligodendrocyte_progenitor_2
3624,2796212800521100189,MV_in_Gabra1
3625,2795103300197100142,oligodendrocyte_progenitor_2
3626,2707604700058100016,oligodendrocyte_progenitor_2
3627,2787445900124100049,oligodendrocyte_progenitor_2
3628,2787445900821100076,DH_ex_Prkcg/Rxfp1
3629,2946331700000021579,oligodendrocyte_progenitor_2
3630,2795584800353100106,MV_in_Gabra1
3631,2787445900621100132,MV_in_Gm26673
3632,2787445900769100084,oligodendrocyte_progenitor_2
3633,2707604000086100148,DH_ex_Nmu/Tac2
3634,2795584800435100239,oligodendrocyte_progenitor_2
3635,2726543700163100217,oligodendrocyte_progenitor_2
3636,2787889600056100129,oligodendrocyte_progenitor_2
3637,2656143800418100150,oligodendrocyte_progenitor_2
3638,2707604700015100045,oligodendrocyte_progenitor_2
3639,2707604000108100053,oligodendrocyte_progenitor_2
3640,2795584800240100074,oligodendrocyte_progenitor_2
3641,2707604700362100084,oligodendrocyte_progenitor_2
3642,2787889600313100103,DH_in_Cdh3
3643,2795103300199100142,oligodendrocyte_progenitor_2
3644,2946331700000013206,DH_ex_Reln/Nmur2
3645,2796212800791100054,oligodendrocyte_progenitor_2
3646,2796212800823100110,oligodendrocyte_progenitor_2
3647,2707737900021100144,oligodendrocyte_progenitor_2
3648,2787445900464100109,alpha_motoneuron
3649,2787445900352100179,DH_in_Cdh3
3650,2656144900112100093,MV_in_Gabra1
3651,2656144900236100259,MV_in_Gabra1
3652,2656144300108200089,oligodendrocyte_progenitor_2
3653,2795903600544100113,DH_in_Npy
3654,2787445900364100156,oligodendrocyte_progenitor_2
3655,2787889600162100125,oligodendrocyte_progenitor_2
3656,2946331700000012136,oligodendrocyte_progenitor_2
3657,2795584800087100225,DH_in_Cdh3
3658,2796212800667100194,MV_in_Sema5b
3659,2707604700223100051,oligodendrocyte_progenitor_2
3660,2945606900000003015,DM_ex_Zfhx3
3661,2707604700271100223,DH_in_Pdyn/Gal
3662,2787445900625100135,oligodendrocyte_progenitor_2
3663,2707604800281100097,oligodendrocyte_progenitor_2
3664,2707604000123100048,MV_ex_Syt2
3665,2707604800361100185,oligodendrocyte_progenitor_2
3666,2787445900619100071,oligodendrocyte_progenitor_2
3667,2795103300344100163,oligodendrocyte_progenitor_2
3668,2787889600546100038,DH_ex_Sox5/Tac1
3669,2946331700000005065,DH_in_Npy2r
3670,2796212800408100125,M_ex_Vsx2
3671,2707604700225200013,oligodendrocyte_progenitor_2
3672,2787445900634100088,oligodendrocyte_progenitor_2
3673,2656144900264100045,astrocyte_1
3674,2795903600481100155,oligodendrocyte_progenitor_2
3675,2656144900315100134,DH_in_Npy2r
3676,2787445900658200126,oligodendrocyte_progenitor_2
3677,2795903600294100205,MV_in_Gabra1
3678,2787445900858100123,oligodendrocyte_progenitor_2
3679,2656143800443100271,oligodendrocyte_progenitor_2
3680,2787445900580100103,oligodendrocyte_progenitor_2
3681,2707604800364100060,DH_ex_Grp
3682,2656144900137100078,astrocyte_1
3683,2787445900662100106,oligodendrocyte_2
3684,2795584800122100177,DH_ex_Reln/Nmur2
3685,2796212800890100260,DH_in_Pdyn
3686,2795903600267100194,oligodendrocyte_progenitor_2
3687,2796212800142100094,DH_in_Cdh3
3688,2707604000027100168,oligodendrocyte_progenitor_2
3689,2707604700250100103,oligodendrocyte_progenitor_2
3690,2796212800457100157,oligodendrocyte_progenitor_2
3691,2796212800374100076,astrocyte_1
3692,2787445900322100082,DM_ex_Zfhx3
3693,2726544600055100123,oligodendrocyte_progenitor_2
3694,2796212800913100033,DM_ex_Zfhx3
3695,2656144300125100103,astrocyte_2
3696,2707604700062100249,oligodendrocyte_progenitor_2
3697,2795584800240100212,oligodendrocyte_progenitor_2
3698,2787445900804100215,oligodendrocyte_progenitor_2
3699,2726562800201100138,oligodendrocyte_progenitor_2
3700,2707737900060100130,oligodendrocyte_progenitor_2
3701,2656144900590200135,astrocyte_1
3702,2795103300411100165,oligodendrocyte_progenitor_2
3703,2787445900397100113,oligodendrocyte_progenitor_2
3704,2787889600444200151,oligodendrocyte_progenitor_2
3705,2796212800979100216,oligodendrocyte_1
3706,2656144900216100060,DH_in_Rorb
3707,2946331700000014861,astrocyte_1
3708,2726543700195100180,MV_ex_Syt2
3709,2795103300267200016,oligodendrocyte_progenitor_2
3710,2787445900586100154,oligodendrocyte_progenitor_2
3711,2787445900695100066,oligodendrocyte_progenitor_2
3712,2707604000054100035,oligodendrocyte_progenitor_2
3713,2707604700131100211,oligodendrocyte_progenitor_2
3714,2795903600293100164,oligodendrocyte_progenitor_2
3715,2946331700000014361,alpha_motoneuron
3716,2656143800205100053,oligodendrocyte_progenitor_2
3717,2707737900060100240,oligodendrocyte_progenitor_2
3718,2796212800429100168,MV_ex_Syt2
3719,2946331700000002157,astrocyte_1
3720,2796212800529100006,oligodendrocyte_progenitor_2
3721,2707604700058100160,oligodendrocyte_progenitor_2
3722,2707604700106100115,oligodendrocyte_progenitor_2
3723,2946331700000021363,DH_in_Npy2r
3724,2945606900000003040,DH_ex_Sox5/Tac1
3725,2787889600347100148,oligodendrocyte_progenitor_2
3726,2726543700538100039,MV_in_Sema5b
3727,2726562700277100139,MV_in_Gm26673
3728,2795103300097100263,oligodendrocyte_progenitor_2
3729,2787445900621100039,DH_in_Cdh3
3730,2656144900514100121,astrocyte_1
3731,2787889600130100102,MV_ex_Syt2
3732,2787445900389100119,DH_ex_Sox5/Tac1
3733,2946331700000006269,DH_ex_Reln/Nmur2
3734,2787445900436100091,oligodendrocyte_progenitor_2
3735,2795903600031100072,oligodendrocyte_progenitor_2
3736,2787445900162100060,oligodendrocyte_progenitor_2
3737,2796212800296100024,M_ex_Vsx2
3738,2787889600196100059,oligodendrocyte_progenitor_2
3739,2787445900425100146,DM_ex_Zfhx3
3740,2795103300231100205,oligodendrocyte_progenitor_2
3741,2796212800175100124,astrocyte_1
3742,2787445900932100007,oligodendrocyte_progenitor_2
3743,2787445900549100038,DH_ex_Reln/Nmur2
3744,2787445900163100133,MV_in_Esrrb
3745,2795103300128100013,oligodendrocyte_progenitor_2
3746,2787889600355100008,oligodendrocyte_progenitor_2
3747,2795903600211100304,oligodendrocyte_progenitor_2
3748,2707604000153100114,oligodendrocyte_progenitor_2
3749,2795103300191100081,DH_in_Cdh3
3750,2707604700364100085,MV_ex_Shox2
3751,2795584800353100202,oligodendrocyte_progenitor_2
3752,2707604000069100126,oligodendrocyte_progenitor_2
3753,2656144900615100173,astrocyte_1
3754,2796212800538200035,astrocyte_1
3755,2707604000069100125,MV_in_Esrrb
3756,2656143800468100064,DH_in_Cdh3
3757,2726542200026100047,M_ex_Vsx2
3758,2707604000100100078,oligodendrocyte_progenitor_2
3759,2787445900621100249,oligodendrocyte_progenitor_2
3760,2787889600280100082,DM_ex_Zfhx3
3761,2946331700000021581,oligodendrocyte_progenitor_2
3762,2656144900529100205,astrocyte_1
3763,2787445900325100263,M_in_Tfap2b
3764,2795103300233100218,DH_ex_Reln
3765,2787889600266100122,oligodendrocyte_progenitor_2
3766,2726544600109100080,oligodendrocyte_progenitor_2
3767,2795584800662200100,oligodendrocyte_progenitor_2
3768,2787889600548100007,oligodendrocyte_progenitor_2
3769,2726543700130100241,DH_ex_Gpr83
3770,2787445900897100119,oligodendrocyte_progenitor_2
3771,2656144900087100199,astrocyte_1
3772,2945606900000018180,oligodendrocyte_progenitor_2
3773,2787889600243100087,oligodendrocyte_progenitor_2
3774,2787889600195100027,oligodendrocyte_progenitor_2
3775,2796212800789100153,alpha_motoneuron
3776,2946331700000005337,astrocyte_1
3777,2795584800622100271,MV_in_Sema5b
3778,2796212800530100083,DH_in_Cdh3
3779,2787445900760100157,oligodendrocyte_progenitor_2
3780,2707737900060100075,oligodendrocyte_progenitor_2
3781,2796212800716100204,DH_in_Cdh3
3782,2726544200049100177,M_in_Tfap2b
3783,2795103300380100164,DM_ex_Zfhx3
3784,2795903600401100265,oligodendrocyte_progenitor_2
3785,2795903600115100061,MV_in_Sema5b
3786,2795584800387100146,oligodendrocyte_progenitor_2
3787,2656144900211200145,astrocyte_1
3788,2787445900266100077,oligodendrocyte_progenitor_2
3789,2787889600451100060,oligodendrocyte_progenitor_2
3790,2946331700000004864,oligodendrocyte_progenitor_2
3791,2787445900131100184,DH_in_Cdh3
3792,2707737900130100020,oligodendrocyte_progenitor_2
3793,2656144300124100149,oligodendrocyte_progenitor_2
3794,2787445900723100062,DM_ex_Zfhx3
3795,2787445900657100121,MV_ex_Syt2
3796,2707737900061100218,MV_in_Esrrb
3797,2656143800417100043,M_ex_Neurod2
3798,2795903600033100152,MV_in_Sema5b
3799,2795903600544100068,DH_ex_Prkcg/Rxfp1
3800,2707604700389100280,DH_ex_Sox5/Tac1
3801,2787889600097100103,oligodendrocyte_progenitor_2
3802,2656144900235100078,DH_ex_Gpr83
3803,2707604800143100152,oligodendrocyte_progenitor_2
3804,2796212800108100035,astrocyte_1
3805,2795584800638100163,alpha_motoneuron
3806,2787445900189100011,DH_ex_Reln
3807,2787889600361100299,DH_in_Pdyn
3808,2946331700000010529,oligodendrocyte_progenitor_2
3809,2795903600347100150,oligodendrocyte_progenitor_2
3810,2656143800079100239,oligodendrocyte_progenitor_2
3811,2795103300346100032,oligodendrocyte_progenitor_2
3812,2707604700271100271,DH_ex_Reln/Nmur2
3813,2795584800382100038,oligodendrocyte_progenitor_2
3814,2787445900897100125,alpha_motoneuron
3815,2946331700000022340,astrocyte_1
3816,2795903600346100066,oligodendrocyte_progenitor_2
3817,2796212800431100179,M_in_Tfap2b
3818,2796212800592100152,oligodendrocyte_progenitor_2
3819,2795903600670100301,oligodendrocyte_progenitor_2
3820,2796212800667100246,MV_ex_Syt2
3821,2787445900947200022,oligodendrocyte_progenitor_2
3822,2946331700000002720,oligodendrocyte_progenitor_2
3823,2787445900124100058,alpha_motoneuron
3824,2946331700000004783,MV_in_Gabra1
3825,2796212800697100118,alpha_motoneuron
3826,2796212801044100174,oligodendrocyte_progenitor_2
3827,2787889600350100076,oligodendrocyte_progenitor_2
3828,2707604700226200024,oligodendrocyte_progenitor_2
3829,2796212800593100303,oligodendrocyte_progenitor_2
3830,2795903600291100036,oligodendrocyte_progenitor_2
3831,2787445900727100064,oligodendrocyte_progenitor_2
3832,2707604800362100174,oligodendrocyte_progenitor_2
3833,2787445900247100062,oligodendrocyte_progenitor_2
3834,2787889600513100050,alpha_motoneuron
3835,2796212800747100266,DM_ex_Zfhx3
3836,2787445900132100109,oligodendrocyte_progenitor_2
3837,2787889600409100257,DM_ex_Zfhx3
3838,2787445900696100050,oligodendrocyte_progenitor_2
3839,2946331700000003592,astrocyte_1
3840,2787889600160100040,oligodendrocyte_progenitor_2
3841,2787445900300100101,DH_ex_Nmu/Tac2
3842,2656144900302100137,astrocyte_1
3843,2787445900805100131,DH_ex_Reln/Nmur2
3844,2707737900134100094,oligodendrocyte_progenitor_2
3845,2707604700108100219,MV_ex_Syt2
3846,2787889600314100187,oligodendrocyte_progenitor_2
3847,2795903600088100173,oligodendrocyte_progenitor_2
3848,2656143800027100079,DH_ex_Reln
3849,2787889600478100195,MV_in_Gm26673
3850,2787445900132100025,DM_ex_Zfhx3
3851,2795903600437100111,oligodendrocyte_progenitor_2
3852,2656144900478100187,astrocyte_1
3853,2787445900546100097,oligodendrocyte_progenitor_2
3854,2726544600107100115,DH_in_Rorb
3855,2787445900754100055,MV_in_Gabra1
3856,2726544600193100074,oligodendrocyte_progenitor_2
3857,2796212800142100176,astrocyte_1
3858,2795903600407100054,oligodendrocyte_progenitor_2
3859,2656144900504100028,astrocyte_1
3860,2787445900581100158,oligodendrocyte_progenitor_2
3861,2796212800560100116,oligodendrocyte_progenitor_2
3862,2707604000109200065,oligodendrocyte_progenitor_2
3863,2707604700272100197,DH_ex_Reln/Nmur2
3864,2707604800362200124,oligodendrocyte_progenitor_2
3865,2707737900048100135,oligodendrocyte_progenitor_2
3866,2787889600423100070,oligodendrocyte_progenitor_2
3867,2787889600243100143,oligodendrocyte_progenitor_2
3868,2945606900000003086,oligodendrocyte_progenitor_2
3869,2796212800364100214,oligodendrocyte_progenitor_2
3870,2656144300163100224,oligodendrocyte_progenitor_2
3871,2787445900860100234,oligodendrocyte_progenitor_2
3872,2946331700000020137,oligodendrocyte_progenitor_2
3873,2656143800192100126,oligodendrocyte_progenitor_2
3874,2946331700000003125,oligodendrocyte_progenitor_2
3875,2787445900130100031,DH_ex_Reln/Nmur2
3876,2707604700271100071,oligodendrocyte_progenitor_2
3877,2656143800443100251,MV_in_Esrrb
3878,2656144900641100182,astrocyte_1
3879,2796212800386100086,oligodendrocyte_progenitor_2
3880,2787445900364100014,oligodendrocyte_progenitor_2
3881,2656144900262100141,astrocyte_1
3882,2787445900206100095,oligodendrocyte_progenitor_2
3883,2787445900462100112,oligodendrocyte_progenitor_2
3884,2946331700000005328,astrocyte_1
3885,2945606900000001402,DM_ex_Zfhx3
3886,2787445900359100140,MV_in_Gm26673
3887,2656144900557100150,astrocyte_1
3888,2787445900226100209,oligodendrocyte_progenitor_2
3889,2707604000110200186,DH_in_Cdh3
3890,2946331700000004461,oligodendrocyte_progenitor_2
3891,2795903600590200059,DH_ex_Prkcg/Rxfp1
3892,2656144300040100142,MV_ex_Syt2
3893,2726543700206100102,oligodendrocyte_progenitor_2
3894,2707604700094100194,DH_ex_Reln/Nmur2
3895,2707604800141200037,oligodendrocyte_progenitor_2
3896,2707604800142100084,visceral_motoneuron
3897,2787445900623100023,oligodendrocyte_progenitor_2
3898,2787445900285100105,oligodendrocyte_progenitor_2
3899,2707604000108100195,MV_in_Gm26673
3900,2707604700340100143,M_in_Tfap2b
3901,2787889600128100129,oligodendrocyte_progenitor_2
3902,2787445900364100177,alpha_motoneuron
3903,2796212800694100256,oligodendrocyte_1
3904,2945606900000014578,MV_in_Sema5b
3905,2707604700069200116,DM_ex_Zfhx3
3906,2707604700249100272,DH_ex_Nmu/Tac2
3907,2707604700095200020,DH_ex_Grp
3908,2795903600168200139,oligodendrocyte_progenitor_2
3909,2795103300380100211,MV_in_Gabra1
3910,2787445900097100192,DH_in_Cdh3
3911,2945606900000006393,oligodendrocyte_progenitor_2
3912,2707604800040100101,oligodendrocyte_progenitor_2
3913,2656144300209100108,oligodendrocyte_progenitor_2
3914,2787889600448100015,oligodendrocyte_progenitor_2
3915,2787445900621100040,oligodendrocyte_progenitor_2
3916,2787445900132100127,oligodendrocyte_progenitor_2
3917,2707604700340100184,oligodendrocyte_progenitor_2
3918,2707604800444100062,oligodendrocyte_progenitor_2
3919,2787889600129100068,oligodendrocyte_progenitor_2
3920,2787445900251100096,oligodendrocyte_progenitor_2
3921,2707604700037100181,oligodendrocyte_progenitor_2
3922,2796212800952200037,oligodendrocyte_progenitor_2
3923,2707604800342100161,oligodendrocyte_progenitor_2
3924,2787445900585200151,oligodendrocyte_progenitor_2
3925,2796212800756100105,oligodendrocyte_progenitor_2
3926,2795903600374100062,oligodendrocyte_progenitor_2
3927,2656144900218100074,astrocyte_1
3928,2787445900583100044,oligodendrocyte_progenitor_2
3929,2796212800792100170,MV_ex_Syt2
3930,2796212800460100068,oligodendrocyte_progenitor_2
3931,2787889600421100089,oligodendrocyte_progenitor_2
3932,2656143800130100147,oligodendrocyte_progenitor_2
3933,2787889600362100072,oligodendrocyte_progenitor_2
3934,2707604800197100049,oligodendrocyte_progenitor_2
3935,2787445900300100111,DH_ex_Gpr83
3936,2656144900191100095,astrocyte_1
3937,2795584800204100216,oligodendrocyte_progenitor_2
3938,2787889600312100176,DH_ex_Nmu/Tac2
3939,2707604800121100071,oligodendrocyte_progenitor_2
3940,2787445900733100021,oligodendrocyte_progenitor_2
3941,2787889600444100103,oligodendrocyte_progenitor_2
3942,2707604700109200065,oligodendrocyte_progenitor_2
3943,2707604000058100040,DH_ex_Sox5/Tac1
3944,2795584800456100019,oligodendrocyte_progenitor_2
3945,2726543700099100155,MV_in_Gabra1
3946,2787889600546100276,oligodendrocyte_progenitor_2
3947,2707604800364100255,oligodendrocyte_progenitor_2
3948,2656144300147100099,DH_in_Cdh3
3949,2795903600269100143,M_in_Tfap2b
3950,2726544600432100046,MV_in_Esrrb
3951,2787445900499100040,oligodendrocyte_progenitor_2
3952,2795903600694100063,oligodendrocyte_progenitor_2
3953,2787889600230100285,oligodendrocyte_progenitor_2
3954,2787889600521100075,oligodendrocyte_progenitor_2
3955,2787889600451100024,MV_ex_Shox2
3956,2656143800166100152,oligodendrocyte_progenitor_2
3957,2795903600670100260,DH_ex_Nmu/Tac2
3958,2707604700132100313,DH_ex_Reln/Nmur2
3959,2946331700000002115,MV_in_Sema5b
3960,2796212800668100186,DH_in_Pdyn
3961,2787445900265100186,oligodendrocyte_progenitor_2
3962,2787445900694100071,oligodendrocyte_progenitor_2
3963,2707604700154100041,oligodendrocyte_progenitor_2
3964,2656144900538100176,astrocyte_1
3965,2707604000056100280,oligodendrocyte_progenitor_2
3966,2787445900253100243,DH_in_Npy
3967,2787445900462100188,oligodendrocyte_progenitor_2
3968,2795903600320100057,oligodendrocyte_progenitor_2
3969,2656143800416100337,oligodendrocyte_progenitor_2
3970,2795103300160100139,oligodendrocyte_progenitor_2
3971,2726544600430100113,oligodendrocyte_progenitor_2
3972,2656143800391100068,oligodendrocyte_progenitor_2
3973,2656144900111100295,astrocyte_1
3974,2787889600413100171,DH_in_Npy
3975,2796212800715100183,M_ex_Vsx2
3976,2795584800345100134,oligodendrocyte_progenitor_2
3977,2796212800077100122,astrocyte_1
3978,2787445900621100038,DH_in_Npy
3979,2787445900435100150,oligodendrocyte_progenitor_2
3980,2787889600387100114,oligodendrocyte_progenitor_2
3981,2795584800484100036,oligodendrocyte_progenitor_2
3982,2796212800431200065,DH_in_Cdh3
3983,2787445900262100070,DH_in_Npy
3984,2707604700107100135,oligodendrocyte_progenitor_2
3985,2787445900254100010,oligodendrocyte_progenitor_2
3986,2656144900422100192,astrocyte_1
3987,2787889600352100143,oligodendrocyte_progenitor_2
3988,2707737900098100154,oligodendrocyte_progenitor_2
3989,2656143800240200041,oligodendrocyte_progenitor_2
3990,2707737900146100296,oligodendrocyte_progenitor_2
3991,2796212800920100114,oligodendrocyte_progenitor_2
3992,2707604700131100096,oligodendrocyte_progenitor_2
3993,2795903600541100085,oligodendrocyte_progenitor_2
3994,2707604700059100157,oligodendrocyte_progenitor_2
3995,2787889600312100040,DH_ex_Grpr
3996,2795903600401100105,oligodendrocyte_progenitor_2
3997,2945606900000029246,oligodendrocyte_progenitor_2
3998,2707604700108100045,oligodendrocyte_progenitor_2
3999,2796212800242100131,astrocyte_1
4000,2656143800155100195,oligodendrocyte_progenitor_2
4001,2656144900397100020,astrocyte_1
4002,2795103300096100030,oligodendrocyte_progenitor_2
4003,2795103300445100078,DH_in_Npy
4004,2707604800080100051,MV_in_Gabra1
4005,2726543700196100191,oligodendrocyte_progenitor_2
4006,2707604700388100033,oligodendrocyte_progenitor_2
4007,2787889600131100143,oligodendrocyte_progenitor_2
4008,2796212800667100244,astrocyte_1
4009,2795903600115100046,oligodendrocyte_progenitor_2
4010,2795903600143100151,DH_ex_Nmu/Tac2
4011,2707604700250100274,DH_ex_Nmu/Tac2
4012,2707604700250100288,DH_ex_Nmu/Tac2
4013,2796212800760100130,DH_ex_Reln/Nmur2
4014,2707604700060100150,MV_ex_Shox2
4015,2795903600322200203,oligodendrocyte_progenitor_2
4016,2795584800389100178,oligodendrocyte_progenitor_2
4017,2795584800350100094,oligodendrocyte_progenitor_2
4018,2726562700278100097,MV_in_Gm26673
4019,2945606900000008081,MV_ex_Syt2
4020,2796212800792100340,DM_ex_Zfhx3
4021,2787889600380100030,astrocyte_2
4022,2726562700161100014,oligodendrocyte_1
4023,2795584800389100155,MV_ex_Syt2
4024,2795903600115100246,oligodendrocyte_progenitor_2
4025,2656144900636100066,astrocyte_1
4026,2795903600185100182,oligodendrocyte_progenitor_2
4027,2656144900404100101,astrocyte_1
4028,2656144900423100047,astrocyte_1
4029,2656144900504100036,alpha_motoneuron
4030,2726544600384100098,MV_in_Sema5b
4031,2787445900686100267,DH_ex_Nmu/Tac2
4032,2707604800217200019,oligodendrocyte_progenitor_2
4033,2787445900720100065,oligodendrocyte_progenitor_2
4034,2707737900089100044,oligodendrocyte_progenitor_2
4035,2787445900134100039,oligodendrocyte_progenitor_2
4036,2795903600644100287,DH_ex_Nmu/Tac2
4037,2796212800328100134,oligodendrocyte_progenitor_2
4038,2946331700000008878,MV_in_Gm26673
4039,2787445900248100149,DH_ex_Grpr
4040,2656143800078100088,oligodendrocyte_progenitor_2
4041,2787445900226100166,oligodendrocyte_progenitor_2
4042,2787445900230100055,oligodendrocyte_progenitor_2
4043,2787445900401100145,oligodendrocyte_progenitor_2
4044,2787445900263100103,DH_ex_Reln/Nmur2
4045,2795103300191100159,oligodendrocyte_progenitor_2
4046,2787445900582100088,DM_ex_Zfhx3
4047,2946331700000012790,DH_ex_Reln/Nmur2
4048,2656144900377100275,DH_in_Cdh3
4049,2796212800823100141,MV_in_Gm26673
4050,2795584800344100173,alpha_motoneuron
4051,2795903600115100166,MV_in_Gabra1
4052,2787889600093100313,oligodendrocyte_progenitor_2
4053,2656144300148100276,oligodendrocyte_progenitor_2
4054,2795903600517100073,oligodendrocyte_progenitor_2
4055,2707737900114100062,oligodendrocyte_progenitor_2
4056,2945606900000028694,DM_ex_Zfhx3
4057,2707604700091100154,DH_in_Pdyn
4058,2795903600479100090,oligodendrocyte_progenitor_2
4059,2707604700412100140,DH_ex_Grpr
4060,2707604700084100222,oligodendrocyte_progenitor_2
4061,2787889600315100076,oligodendrocyte_progenitor_2
4062,2945606900000009968,DH_in_Cdh3
4063,2946331700000003455,astrocyte_1
4064,2787445900860100222,oligodendrocyte_progenitor_2
4065,2787445900545100231,DH_ex_Nmu/Tac2
4066,2795903600514100054,oligodendrocyte_progenitor_2
4067,2795584800066100049,oligodendrocyte_progenitor_2
4068,2787445900660100125,MV_ex_Shox2
4069,2795584800120100122,oligodendrocyte_progenitor_2
4070,2656144900557100276,astrocyte_1
4071,2707604000110100030,oligodendrocyte_progenitor_2
4072,2656144900235100192,astrocyte_1
4073,2796212800592100073,oligodendrocyte_progenitor_2
4074,2787445900441100114,oligodendrocyte_progenitor_2
4075,2656144900112100126,astrocyte_1
4076,2707604700107100170,MV_ex_Syt2
4077,2795584800492100040,oligodendrocyte_progenitor_2
4078,2656144900289100093,astrocyte_1
4079,2795903600437100031,oligodendrocyte_progenitor_2
4080,2946331700000017255,DH_ex_Reln
4081,2946331700000018909,astrocyte_1
4082,2787889600373100052,DH_in_Cdh3
4083,2795103300150100164,oligodendrocyte_progenitor_2
4084,2656143800167100064,oligodendrocyte_progenitor_2
4085,2796212800233100028,oligodendrocyte_progenitor_2
4086,2795103300331200093,MV_in_Sema5b
4087,2787445900790100050,alpha_motoneuron
4088,2795584800375100042,oligodendrocyte_progenitor_2
4089,2787445900588100050,oligodendrocyte_progenitor_2
4090,2656144300102100117,DH_ex_Tac2
4091,2796212800746100111,MV_in_Gm26673
4092,2787889600130100089,oligodendrocyte_progenitor_2
4093,2787445900623100063,MV_in_Gm26673
4094,2787445900243100202,oligodendrocyte_progenitor_2
4095,2726543700206100059,oligodendrocyte_progenitor_2
4096,2787889600132100132,oligodendrocyte_progenitor_2
4097,2787445900763100057,oligodendrocyte_progenitor_2
4098,2656144900615100243,astrocyte_1
4099,2787445900896100122,M_ex_Vsx2
4100,2787445900511100080,DH_ex_Grpr
4101,2656144900505100088,astrocyte_1
4102,2795584800381100131,oligodendrocyte_progenitor_2
4103,2787445900401100063,alpha_motoneuron
4104,2787445900598100044,MV_in_Sema5b
4105,2787889600415100110,oligodendrocyte_progenitor_2
4106,2796212800365100136,MV_in_Gabra1
4107,2707604800383100110,oligodendrocyte_progenitor_2
4108,2656144900640100093,DH_ex_Nmu/Tac2
4109,2787445900363100058,oligodendrocyte_progenitor_2
4110,2656144900589100181,astrocyte_1
4111,2796212800231100128,oligodendrocyte_progenitor_2
4112,2795103300232100255,DH_ex_Sox5
4113,2946331700000012474,MV_in_Gabra1
4114,2656144900474200050,astrocyte_1
4115,2796212800452100100,oligodendrocyte_progenitor_2
4116,2796212800980100312,DH_ex_Reln/Nmur2
4117,2945606900000009940,oligodendrocyte_progenitor_2
4118,2796212800397100268,oligodendrocyte_progenitor_2
4119,2795903600268100250,oligodendrocyte_progenitor_2
4120,2787445900361100302,oligodendrocyte_progenitor_2
4121,2787445900661100012,oligodendrocyte_progenitor_2
4122,2656144900235100234,DH_ex_Gpr83
4123,2787889600134100102,oligodendrocyte_progenitor_2
4124,2795103300153100107,oligodendrocyte_progenitor_2
4125,2787445900623100215,oligodendrocyte_progenitor_2
4126,2707737900035100015,oligodendrocyte_progenitor_2
4127,2707604700343200167,oligodendrocyte_progenitor_2
4128,2787889600132100052,alpha_motoneuron
4129,2787445900822100018,oligodendrocyte_progenitor_2
4130,2707604800035100204,oligodendrocyte_progenitor_2
4131,2787889600244100005,oligodendrocyte_progenitor_2
4132,2795584800361100068,oligodendrocyte_progenitor_2
4133,2707604800383200154,oligodendrocyte_progenitor_2
4134,2787445900550100051,DH_ex_Reln/Nmur2
4135,2707604000067100089,oligodendrocyte_progenitor_2
4136,2795103300119100166,oligodendrocyte_progenitor_2
4137,2795584800457100229,oligodendrocyte_progenitor_2
4138,2796212800593100268,oligodendrocyte_progenitor_2
4139,2707604800081100190,oligodendrocyte_progenitor_2
4140,2707604000069100133,oligodendrocyte_progenitor_2
4141,2796212800395100060,alpha_motoneuron
4142,2726544600133100095,DH_ex_Sox5/Tac1
4143,2795584800100100090,oligodendrocyte_progenitor_2
4144,2787445900787100042,oligodendrocyte_progenitor_2
4145,2787889600129100224,oligodendrocyte_progenitor_2
4146,2796212800594100112,DH_in_Npy
4147,2795103300411100048,MV_in_Sema5b
4148,2795584800203100252,oligodendrocyte_progenitor_2
4149,2795584800124100128,oligodendrocyte_progenitor_2
4150,2787445900172100036,DM_ex_Zfhx3
4151,2656144900583100038,MV_in_Sema5b
4152,2656144900558100064,astrocyte_1
4153,2787889600353100105,MV_ex_Syt2
4154,2656144900608100061,M_ex_Vsx2
4155,2795584800447100098,DH_in_Npy2r
4156,2656144900561100045,DH_ex_Sox5
4157,2787445900323100239,oligodendrocyte_progenitor_2
4158,2707604800403100218,oligodendrocyte_progenitor_2
4159,2795584800383100181,DH_in_Npy
4160,2707604000011100071,oligodendrocyte_progenitor_2
4161,2656144900557100234,astrocyte_1
4162,2707737900087100058,MV_in_Gabra1
4163,2945606900000001756,oligodendrocyte_progenitor_2
4164,2656144900111100097,astrocyte_1
4165,2707604800322100214,oligodendrocyte_progenitor_2
4166,2945606900000006612,oligodendrocyte_progenitor_2
4167,2787889600127100075,oligodendrocyte_progenitor_2
4168,2795103300232100240,DH_ex_Reln/Nmur2
4169,2795103300365100126,oligodendrocyte_progenitor_2
4170,2946331700000019105,astrocyte_1
4171,2787445900547100025,oligodendrocyte_progenitor_2
4172,2795903600300100016,oligodendrocyte_progenitor_2
4173,2707604800219200109,oligodendrocyte_progenitor_2
4174,2787889600195200179,oligodendrocyte_progenitor_2
4175,2787445900174100108,oligodendrocyte_progenitor_2
4176,2946331700000010557,astrocyte_1
4177,2707737900133100031,astrocyte_2
4178,2787445900265200175,DH_in_Pdyn
4179,2656144900582100194,astrocyte_1
4180,2787445900284100140,DH_in_Cdh3
4181,2795584800205100011,visceral_motoneuron
4182,2795584800447100190,MV_ex_Syt2
4183,2787445900088100014,MV_in_Gm26673
4184,2795903600670100181,oligodendrocyte_progenitor_2
4185,2707604800283100101,DH_in_Npy
4186,2787889600480100212,oligodendrocyte_progenitor_2
4187,2707737900020100176,oligodendrocyte_progenitor_2
4188,2795103300311100153,oligodendrocyte_progenitor_2
4189,2707737900021100215,MV_ex_Syt2
4190,2787445900726100087,DH_ex_Gpr83
4191,2795903600694200096,oligodendrocyte_progenitor_2
4192,2795903600300100094,DH_ex_Grp
4193,2787445900300100143,oligodendrocyte_progenitor_2
4194,2707604800055200105,oligodendrocyte_progenitor_2
4195,2795584800707100074,MV_ex_Shox2
4196,2796212800395100023,oligodendrocyte_progenitor_2
4197,2787889600360100128,oligodendrocyte_progenitor_2
4198,2787889600398100105,oligodendrocyte_progenitor_2
4199,2787445900545100244,DH_in_Cdh3
4200,2796212800951100055,MV_in_Gm26673
4201,2707604700200100129,oligodendrocyte_progenitor_2
4202,2787445900549200137,oligodendrocyte_progenitor_2
4203,2787445900499100106,MV_ex_Shox2
4204,2795103300380100154,oligodendrocyte_progenitor_2
4205,2707604800242100246,oligodendrocyte_progenitor_2
4206,2707604800013100070,oligodendrocyte_progenitor_2
4207,2795584800421100195,oligodendrocyte_progenitor_2
4208,2796212800441100098,DH_ex_Nmu/Tac2
4209,2795584800413100210,oligodendrocyte_progenitor_2
4210,2796212800428100044,oligodendrocyte_progenitor_2
4211,2787445900807100026,oligodendrocyte_progenitor_2
4212,2656143800002100104,oligodendrocyte_progenitor_2
4213,2656144900263100248,astrocyte_1
4214,2795103300181100042,MV_in_Esrrb
4215,2787889600351100210,oligodendrocyte_progenitor_2
4216,2787889600196100073,oligodendrocyte_progenitor_2
4217,2787889600351200155,M_ex_Vsx2
4218,2656144900264100117,astrocyte_1
4219,2656144900110100150,DH_in_Pdyn/Gal
4220,2796212800142100307,DH_in_Pdyn/Gal
4221,2787889600449100115,MV_in_Gm26673
4222,2796212800921100140,astrocyte_2
4223,2787445900173100057,oligodendrocyte_progenitor_2
4224,2787445900657200032,oligodendrocyte_progenitor_2
4225,2707604000068100031,oligodendrocyte_progenitor_2
4226,2707604800242100186,oligodendrocyte_progenitor_2
4227,2656143800127100065,oligodendrocyte_progenitor_2
4228,2707604700251100103,DH_in_Npy2r
4229,2795903600301100200,oligodendrocyte_progenitor_2
4230,2796212800386100156,M_ex_Vsx2
4231,2795103300400100122,DH_ex_Reln
4232,2787445900249100094,oligodendrocyte_2
4233,2795903600347100127,oligodendrocyte_progenitor_2
4234,2787445900300100096,oligodendrocyte_progenitor_2
4235,2796212800207100227,oligodendrocyte_progenitor_2
4236,2796212800849100029,oligodendrocyte_progenitor_2
4237,2787889600231100110,oligodendrocyte_progenitor_2
4238,2796212800423100074,DH_ex_Gpr83
4239,2787889600478100024,M_ex_Vsx2
4240,2787445900298100071,oligodendrocyte_progenitor_2
4241,2795584800202100263,oligodendrocyte_progenitor_2
4242,2707604700130100085,oligodendrocyte_progenitor_2
4243,2726562700099100024,oligodendrocyte_precursor_cell
4244,2795584800410100174,oligodendrocyte_progenitor_2
4245,2795584800240100142,oligodendrocyte_progenitor_2
4246,2707737900088100031,MV_ex_Syt2
4247,2795584800237100088,DH_ex_Nmu/Tac2
4248,2796212800978100185,oligodendrocyte_progenitor_2
4249,2787445900087100066,oligodendrocyte_progenitor_2
4250,2796212800461100030,oligodendrocyte_progenitor_2
4251,2795903600322100124,DH_ex_Prkcg/Rxfp1
4252,2787445900097100156,oligodendrocyte_progenitor_2
4253,2707604800122100027,oligodendrocyte_progenitor_2
4254,2656143800153100186,oligodendrocyte_progenitor_2
4255,2795903600480100029,oligodendrocyte_progenitor_2
4256,2796212800812100022,DH_ex_Reln/Npff
4257,2946331700000019986,oligodendrocyte_progenitor_2
4258,2787889600059100169,oligodendrocyte_progenitor_2
4259,2795584800497100050,oligodendrocyte_progenitor_2
4260,2707604800382100288,MV_in_Esrrb
4261,2795103300332100121,visceral_motoneuron
4262,2787445900286100034,oligodendrocyte_progenitor_2
4263,2795584800185100374,DH_in_Pdyn
4264,2787445900051100018,DH_ex_Reln
4265,2707604000140100236,DH_ex_Reln/Nmur2
4266,2787445900548100191,oligodendrocyte_progenitor_2
4267,2726562700236200073,oligodendrocyte_progenitor_2
4268,2656144900590100147,astrocyte_1
4269,2795903600437100198,oligodendrocyte_progenitor_2
4270,2795584800414100103,oligodendrocyte_progenitor_2
4271,2796212800263200117,oligodendrocyte_progenitor_2
4272,2656144900264100084,astrocyte_1
4273,2707604700247100014,M_in_Tfap2b
4274,2787445900288100051,oligodendrocyte_progenitor_2
4275,2795903600437100208,oligodendrocyte_progenitor_2
4276,2795903600266100057,oligodendrocyte_progenitor_2
4277,2787889600412100011,DH_ex_Reln/Nmur2
4278,2946331700000008180,DH_in_Npy
4279,2946331700000012524,DH_ex_Nmu/Tac2
4280,2707604700061100043,oligodendrocyte_progenitor_2
4281,2656144900447100182,astrocyte_1
4282,2656143800419100052,oligodendrocyte_progenitor_2
4283,2656144900590100224,M_in_Tfap2b
4284,2707604700272100275,oligodendrocyte_progenitor_2
4285,2795103300156100109,oligodendrocyte_progenitor_2
4286,2795584800205100132,MV_in_Gabra1
4287,2795103300446100268,DH_ex_Sox5
4288,2787445900544100141,DH_ex_Grpr
4289,2787889600318100047,oligodendrocyte_progenitor_2
4290,2787445900052100146,DH_ex_Nmu/Tac2
4291,2787445900095100008,oligodendrocyte_progenitor_2
4292,2707737900073200091,oligodendrocyte_progenitor_2
4293,2787889600477200027,oligodendrocyte_progenitor_2
4294,2795103300447100148,oligodendrocyte_progenitor_2
4295,2945606900000004751,DH_in_Cdh3
4296,2795103300194100337,DH_in_Npy
4297,2656144900615100203,astrocyte_1
4298,2795903600322100118,DH_ex_Nmu/Tac2
4299,2726543700097100313,oligodendrocyte_progenitor_2
4300,2787445900464100054,oligodendrocyte_progenitor_2
4301,2945606900000010133,DH_ex_Gpr83
4302,2795103300063100209,DH_ex_Sox5
4303,2787445900623100066,MV_in_Gabra1
4304,2795584800202100150,oligodendrocyte_progenitor_2
4305,2787445900622100024,oligodendrocyte_progenitor_2
4306,2796212800362100123,MV_in_Sema5b
4307,2795584800413100112,oligodendrocyte_progenitor_2
4308,2796212800451100154,oligodendrocyte_progenitor_2
4309,2787889600232100161,oligodendrocyte_progenitor_2
4310,2707604700250100083,DM_ex_Zfhx3
4311,2707604700085100044,oligodendrocyte_progenitor_2
4312,2707737900049100187,DH_in_Cdh3
4313,2946331700000018805,DH_in_Npy2r
4314,2795103300400100145,DH_ex_Sox5
4315,2787445900284100137,DH_in_Rorb
4316,2946331700000004465,oligodendrocyte_progenitor_2
4317,2787889600056100114,oligodendrocyte_progenitor_2
4318,2656144900164100064,astrocyte_1
4319,2795903600352100073,oligodendrocyte_progenitor_2
4320,2707737900088100239,oligodendrocyte_progenitor_2
4321,2796212800526100160,oligodendrocyte_progenitor_2
4322,2796212800919100038,oligodendrocyte_progenitor_2
4323,2795584800450100157,oligodendrocyte_progenitor_2
4324,2707604700082100029,oligodendrocyte_progenitor_2
4325,2787445900253100287,DH_in_Cdh3
4326,2787445900170100194,oligodendrocyte_progenitor_2
4327,2656143800128100230,oligodendrocyte_progenitor_2
4328,2795103300084100216,oligodendrocyte_progenitor_2
4329,2796212800455100174,oligodendrocyte_progenitor_2
4330,2796212800855100249,MV_in_Gabra1
4331,2795103300441100030,oligodendrocyte_progenitor_2
4332,2726543700506100050,MV_in_Esrrb
4333,2656144900474100106,astrocyte_1
4334,2707604700412100082,DH_ex_Nmu/Tac2
4335,2656144900111100226,DM_ex_Zfhx3
4336,2787889600131100110,oligodendrocyte_progenitor_2
4337,2795903600453100265,M_ex_Vsx2
4338,2656144900165100120,astrocyte_1
4339,2787445900098100204,DH_in_Pdyn/Gal
4340,2726544600191100130,DH_ex_Nmu/Tac2
4341,2946331700000020413,astrocyte_1
4342,2795103300164100088,alpha_motoneuron
4343,2707604800060100165,oligodendrocyte_progenitor_2
4344,2795903600355100083,DH_in_Cdh3
4345,2707604800119200009,oligodendrocyte_progenitor_2
4346,2787889600386100158,MV_in_Gm26673
4347,2946331700000015008,astrocyte_1
4348,2707604700070100079,oligodendrocyte_progenitor_2
4349,2787889600451100115,oligodendrocyte_progenitor_2
4350,2656144900034200010,astrocyte_1
4351,2796212800779100078,oligodendrocyte_progenitor_2
4352,2707604000101100053,DH_ex_Nmu/Tac2
4353,2946331700000021509,astrocyte_1
4354,2787445900390100128,oligodendrocyte_progenitor_2
4355,2787445900822100099,DH_in_Cdh3
4356,2796212800208200185,astrocyte_1
4357,2656144900535100028,astrocyte_1
4358,2795103300376100111,alpha_motoneuron
4359,2796212800397100057,oligodendrocyte_progenitor_2
4360,2656143800079100147,MV_ex_Syt2
4361,2795584800713100127,DH_in_Pdyn
4362,2795103300154100100,oligodendrocyte_progenitor_2
4363,2787445900753100174,oligodendrocyte_progenitor_2
4364,2787889600616100075,oligodendrocyte_progenitor_2
4365,2796212800530100059,oligodendrocyte_progenitor_2
4366,2726562800059100090,oligodendrocyte_progenitor_2
4367,2707737900045100044,oligodendrocyte_progenitor_2
4368,2795903600114100183,M_ex_Vsx2
4369,2656143800418100082,visceral_motoneuron
4370,2795903600373100194,oligodendrocyte_progenitor_2
4371,2795903600668100107,oligodendrocyte_progenitor_2
4372,2787889600408100222,MV_in_Gabra1
4373,2796212800617100017,MV_in_Esrrb
4374,2795903600348100281,DH_in_Rorb
4375,2946331700000003391,oligodendrocyte_progenitor_2
4376,2787889600387100065,MV_in_Gm26673
4377,2796212800592100090,alpha_motoneuron
4378,2946331700000005599,astrocyte_1
4379,2707604800185100018,oligodendrocyte_progenitor_2
4380,2796212800528100097,MV_in_Gabra1
4381,2946331700000014914,astrocyte_1
4382,2726544600404200076,oligodendrocyte_progenitor_2
4383,2707604800219100140,oligodendrocyte_progenitor_2
4384,2707737900049100121,oligodendrocyte_progenitor_2
4385,2796212800617200075,oligodendrocyte_progenitor_2
4386,2656143800129100141,oligodendrocyte_progenitor_2
4387,2795584800458100073,oligodendrocyte_progenitor_2
4388,2656143800192100011,oligodendrocyte_progenitor_2
4389,2946331700000017628,astrocyte_1
4390,2787889600451100170,alpha_motoneuron
4391,2795584800708100070,M_ex_Vsx2
4392,2796212801044100034,DH_in_Npy
4393,2787889600230100024,oligodendrocyte_progenitor_2
4394,2796212800657100050,alpha_motoneuron
4395,2656144900288100057,astrocyte_1
4396,2787889600554100065,oligodendrocyte_progenitor_2
4397,2707604800014100137,DM_ex_Zfhx3
4398,2707737900036100050,oligodendrocyte_progenitor_2
4399,2945606900000014493,oligodendrocyte_progenitor_2
4400,2707604700224100201,oligodendrocyte_progenitor_2
4401,2787445900656100025,M_ex_Vsx2
4402,2787445900195100080,oligodendrocyte_progenitor_2
4403,2787889600266100053,M_ex_Vsx2
4404,2707604700316100114,oligodendrocyte_progenitor_2
4405,2726562800078100160,DH_ex_Nmu/Tac2
4406,2795584800161100209,oligodendrocyte_progenitor_2
4407,2796212800231100186,MV_in_Gabra1
4408,2787889600312100060,oligodendrocyte_progenitor_2
4409,2656144900535100166,astrocyte_1
4410,2796212800595100183,DH_ex_Nmu/Tac2
4411,2787445900328100077,oligodendrocyte_progenitor_2
4412,2795103300230100101,oligodendrocyte_progenitor_2
4413,2787445900753200090,oligodendrocyte_progenitor_2
4414,2707604700389100156,oligodendrocyte_progenitor_2
4415,2656144300147100263,DM_ex_Zfhx3
4416,2787445900394200081,oligodendrocyte_progenitor_2
4417,2946331700000007236,alpha_motoneuron
4418,2656143800215100046,MV_in_Gm26673
4419,2795103300160100308,MV_in_Sema5b
4420,2656144900542100265,astrocyte_1
4421,2707604800239100111,alpha_motoneuron
4422,2795584800457200172,MV_in_Gabra1
4423,2787445900805100055,DH_ex_Grpr
4424,2707604800221100081,oligodendrocyte_progenitor_2
4425,2945606900000000788,oligodendrocyte_progenitor_2
4426,2945606900000001492,DH_in_Npy2r
4427,2656143800419100155,oligodendrocyte_progenitor_2
4428,2787445900500100018,oligodendrocyte_progenitor_2
4429,2787445900859100039,oligodendrocyte_progenitor_2
4430,2707604700067100153,oligodendrocyte_progenitor_2
4431,2787889600481100175,oligodendrocyte_progenitor_2
4432,2795903600185100110,oligodendrocyte_progenitor_2
4433,2795584800427100154,oligodendrocyte_progenitor_2
4434,2707737900048100095,oligodendrocyte_progenitor_2
4435,2707604800034100144,M_in_Tfap2b
4436,2795584800201100057,oligodendrocyte_progenitor_2
4437,2946331700000000747,alpha_motoneuron
4438,2726544200059200154,DM_ex_Zfhx3
4439,2796212800945100032,oligodendrocyte_progenitor_2
4440,2787445900686100225,DH_in_Npy2r
4441,2707604800082100234,oligodendrocyte_progenitor_2
4442,2787889600445100185,oligodendrocyte_progenitor_2
4443,2795903600481100028,MV_ex_Syt2
4444,2795903600295100067,oligodendrocyte_progenitor_2
4445,2656143800367100123,MV_in_Gm26673
4446,2787445900325100180,MV_in_Esrrb
4447,2787445900681100189,DH_ex_Sox5/Tac1
4448,2656144900350100038,astrocyte_1
4449,2796212800812100166,DH_ex_Sox5
4450,2787445900226100056,DH_in_Npy2r
4451,2787889600193100192,oligodendrocyte_progenitor_2
4452,2656143800419100029,oligodendrocyte_progenitor_2
4453,2726542200031100018,oligodendrocyte_progenitor_2
4454,2787889600349100104,oligodendrocyte_progenitor_2
4455,2787445900585100114,DM_ex_Zfhx3
4456,2656144900353100110,astrocyte_1
4457,2787445900583100211,MV_in_Gabra1
4458,2656143800367100210,MV_in_Gabra1
4459,2796212800822100040,oligodendrocyte_progenitor_2
4460,2787445900545100343,oligodendrocyte_progenitor_2
4461,2795903600267100169,MV_in_Gm26673
4462,2656144900237100070,astrocyte_1
4463,2787445900659100176,MV_ex_Syt2
4464,2787445900252100063,DH_ex_Gpr83
4465,2656144300164100066,DH_in_Cdh3
4466,2795903600220200059,oligodendrocyte_progenitor_2
4467,2656144900191100024,astrocyte_1
4468,2707604000169100020,oligodendrocyte_progenitor_2
4469,2795903600186100248,DH_ex_Prkcg/Rxfp1
4470,2796212800584100275,alpha_motoneuron
4471,2707737900060100090,oligodendrocyte_progenitor_2
4472,2796212800593100184,M_in_Tfap2b
4473,2787445900286100075,oligodendrocyte_progenitor_2
4474,2656143800393200139,oligodendrocyte_progenitor_2
4475,2707604000070100052,oligodendrocyte_progenitor_2
4476,2656143800102100091,oligodendrocyte_progenitor_2
4477,2787445900284100190,DH_in_Rorb
4478,2787445900821100099,DH_ex_Prkcg/Rxfp1
4479,2707604000101100114,DH_in_Rorb
4480,2787445900726100090,DM_ex_Zfhx3
4481,2656144900209100100,DH_ex_Nmu/Tac2
4482,2787445900621100257,MV_in_Gm26673
4483,2656144900350100110,DH_ex_Reln/Nmur2
4484,2656143800215100120,oligodendrocyte_progenitor_2
4485,2795103300089100094,oligodendrocyte_progenitor_2
4486,2796212800921100228,oligodendrocyte_progenitor_2
4487,2796212800175100022,DH_in_Pdyn
4488,2726562700235100120,oligodendrocyte_progenitor_2
4489,2946331700000000920,oligodendrocyte_progenitor_2
4490,2787445900131100190,oligodendrocyte_progenitor_2
4491,2796212800488100096,oligodendrocyte_progenitor_2
4492,2656143800444100095,oligodendrocyte_progenitor_2
4493,2795903600516100029,oligodendrocyte_progenitor_2
4494,2707604700271100060,oligodendrocyte_progenitor_2
4495,2656144900377100166,DH_ex_Reln/Nmur2
4496,2787889600410100122,oligodendrocyte_progenitor_2
4497,2707604700362100067,oligodendrocyte_progenitor_2
4498,2707604800404100200,oligodendrocyte_progenitor_2
4499,2726544600053100206,DH_in_Cdh3
4500,2795584800384100153,oligodendrocyte_progenitor_2
4501,2787889600546100106,oligodendrocyte_progenitor_2
4502,2795584800412100271,oligodendrocyte_progenitor_2
4503,2656144900194100157,astrocyte_1
4504,2656144900190100140,astrocyte_1
4505,2787445900167100148,oligodendrocyte_progenitor_2
4506,2707604700060100277,MV_in_Gabra1
4507,2787445900597100028,MV_ex_Shox2
4508,2787445900364100046,MV_in_Gm26673
4509,2787445900323100205,MV_ex_Syt2
4510,2656144900211100048,astrocyte_1
4511,2726543700467100133,oligodendrocyte_progenitor_2
4512,2787889600025100034,oligodendrocyte_progenitor_2
4513,2795103300417100036,oligodendrocyte_progenitor_2
4514,2707604700296100101,oligodendrocyte_progenitor_2
4515,2787889600278100082,oligodendrocyte_progenitor_2
4516,2787889600279100065,oligodendrocyte_progenitor_2
4517,2656144300126100054,astrocyte_2
4518,2787889600386100100,MV_in_Gm26673
4519,2707604800340200053,oligodendrocyte_progenitor_2
4520,2656144900261100074,astrocyte_1
4521,2707604000094100016,oligodendrocyte_progenitor_2
4522,2795903600479100239,oligodendrocyte_progenitor_2
4523,2795584800381200084,oligodendrocyte_progenitor_2
4524,2707604700248100075,oligodendrocyte_progenitor_2
4525,2656143800054100228,oligodendrocyte_progenitor_2
4526,2707604000055100232,oligodendrocyte_progenitor_2
4527,2726562700138100108,DH_in_Npy
4528,2787445900297100009,oligodendrocyte_progenitor_2
4529,2787889600386100122,MV_in_Gm26673
4530,2787445900322100055,DM_ex_Zfhx3
4531,2707604800364100151,oligodendrocyte_progenitor_2
4532,2707604000070100164,oligodendrocyte_progenitor_2
4533,2787445900352100026,oligodendrocyte_progenitor_2
4534,2656143800081200060,oligodendrocyte_progenitor_2
4535,2656144900530100108,DM_ex_Zfhx3
4536,2795584800224100138,DH_in_Rorb
4537,2656144900478100083,astrocyte_1
4538,2787889600194100140,oligodendrocyte_progenitor_2
4539,2796212800914100038,M_in_Tfap2b
4540,2787445900289100081,MV_in_Gabra1
4541,2656143800155100177,oligodendrocyte_progenitor_2
4542,2707604800040100051,oligodendrocyte_progenitor_2
4543,2946331700000001602,MV_in_Gabra1
4544,2726544600191100228,oligodendrocyte_progenitor_2
4545,2707737900061200069,MV_ex_Syt2
4546,2945606900000003399,oligodendrocyte_progenitor_2
4547,2946331700000004506,DH_in_Cdh3
4548,2787889600317100130,oligodendrocyte_progenitor_2
4549,2656143800029100124,oligodendrocyte_progenitor_2
4550,2795584800639100106,alpha_motoneuron
4551,2707604700222100113,oligodendrocyte_progenitor_2
4552,2795103300162100290,M_ex_Vsx2
4553,2726544600430100081,oligodendrocyte_progenitor_2
4554,2787445900205100154,alpha_motoneuron
4555,2787445900361100177,oligodendrocyte_progenitor_2
4556,2707737900061100098,oligodendrocyte_progenitor_2
4557,2796212800694100235,oligodendrocyte_progenitor_2
4558,2726543700165100088,oligodendrocyte_progenitor_2
4559,2796212800715100090,oligodendrocyte_progenitor_2
4560,2796212800307100071,astrocyte_1
4561,2707604800343200049,oligodendrocyte_progenitor_2
4562,2787889600056100099,M_in_Tfap2b
4563,2796212800779100031,DM_ex_Zfhx3
4564,2656144300164100052,MV_in_Gabra1
4565,2787445900726100109,DH_ex_Reln
4566,2796212800747100142,M_ex_Neurod2
4567,2787445900756100206,oligodendrocyte_progenitor_2
4568,2787445900760100139,oligodendrocyte_progenitor_2
4569,2656144900238100103,astrocyte_1
4570,2707737900047100130,oligodendrocyte_progenitor_2
4571,2656144900212100071,astrocyte_1
4572,2795584800639100017,oligodendrocyte_progenitor_2
4573,2796212800591100053,oligodendrocyte_progenitor_2
4574,2796212800823100161,oligodendrocyte_1
4575,2707604800182200013,oligodendrocyte_progenitor_2
4576,2787445900616100142,oligodendrocyte_progenitor_2
4577,2796212800633100256,astrocyte_1
4578,2787445900051100174,oligodendrocyte_progenitor_2
4579,2787889600128100148,oligodendrocyte_progenitor_2
4580,2795903600321100063,oligodendrocyte_progenitor_2
4581,2707604800142100085,MV_ex_Syt2
4582,2656144900211100118,MV_in_Esrrb
4583,2656144900217100121,DH_ex_Gpr83
4584,2946331700000001743,oligodendrocyte_progenitor_2
4585,2787445900718100052,MV_in_Esrrb
4586,2787889600244100008,oligodendrocyte_progenitor_2
4587,2787889600515100077,oligodendrocyte_progenitor_2
4588,2795903600062100002,oligodendrocyte_progenitor_2
4589,2795584800169100057,alpha_motoneuron
4590,2796212800953100023,oligodendrocyte_progenitor_2
4591,2726562700234100235,DH_in_Cdh3
4592,2795584800203100291,oligodendrocyte_progenitor_2
4593,2795903600348100096,DM_ex_Zfhx3
4594,2795584800384100047,alpha_motoneuron
4595,2946331700000006104,oligodendrocyte_progenitor_2
4596,2795584800619100039,oligodendrocyte_progenitor_2
4597,2787889600443100245,oligodendrocyte_progenitor_2
4598,2707604700271100132,DH_ex_Sox5/Tac1
4599,2787445900339100085,oligodendrocyte_progenitor_2
4600,2795903600435100251,MV_in_Gm26673
4601,2795103300367100019,M_in_Tfap2b
4602,2796212800079100098,astrocyte_1
4603,2795584800746100087,oligodendrocyte_progenitor_2
4604,2707604800102100164,DH_in_Cdh3
4605,2795584800450100056,DH_in_Cdh3
4606,2707604800141100158,oligodendrocyte_progenitor_2
4607,2787445900229100234,DH_in_Cdh3
4608,2787445900799100072,oligodendrocyte_progenitor_2
4609,2726543700194100239,oligodendrocyte_progenitor_2
4610,2796212800386100148,oligodendrocyte_progenitor_2
4611,2787445900280100080,oligodendrocyte_progenitor_2
4612,2787445900659100098,oligodendrocyte_progenitor_2
4613,2656144300132100145,astrocyte_2
4614,2787445900359100056,oligodendrocyte_progenitor_2
4615,2795584800238100172,DH_ex_Nmu/Tac2
4616,2787889600584200089,oligodendrocyte_progenitor_2
4617,2707604800364200198,oligodendrocyte_progenitor_2
4618,2796212800855100149,oligodendrocyte_progenitor_2
4619,2707604000025200116,oligodendrocyte_progenitor_2
4620,2707604000072100098,oligodendrocyte_progenitor_2
4621,2707737900074100035,M_ex_Vsx2
4622,2946331700000006464,oligodendrocyte_progenitor_2
4623,2795903600489100023,MV_in_Esrrb
4624,2656144300087100143,alpha_motoneuron
4625,2946331700000002818,oligodendrocyte_progenitor_2
4626,2656143800202100009,oligodendrocyte_progenitor_2
4627,2707737900063100136,oligodendrocyte_progenitor_2
4628,2795903600411100118,MV_in_Gabra1
4629,2707604700413100035,DH_ex_Reln/Nmur2
4630,2787889600126100070,oligodendrocyte_progenitor_2
4631,2726562800058100096,DH_in_Cdh3
4632,2787445900894100015,oligodendrocyte_progenitor_2
4633,2707604800034100244,DM_ex_Zfhx3
4634,2946331700000003517,oligodendrocyte_progenitor_2
4635,2946331700000008109,oligodendrocyte_progenitor_2
4636,2795903600348100160,oligodendrocyte_progenitor_2
4637,2787445900013100031,DH_in_Npy2r
4638,2787445900398100059,oligodendrocyte_progenitor_2
4639,2707604000011100076,oligodendrocyte_progenitor_2
4640,2707604700340100213,oligodendrocyte_progenitor_2
4641,2946331700000009285,astrocyte_1
4642,2946331700000002700,oligodendrocyte_progenitor_2
4643,2707604700250100101,oligodendrocyte_progenitor_2
4644,2707604000055100175,M_ex_Vsx2
4645,2796212800398100202,DM_ex_Zfhx3
4646,2787889600583100156,oligodendrocyte_progenitor_2
4647,2796212800912100182,M_ex_Vsx2
4648,2787445900193100019,oligodendrocyte_progenitor_2
4649,2795584800389100250,DH_in_Cdh3
4650,2787445900762100021,MV_ex_Syt2
4651,2656143800192100075,oligodendrocyte_progenitor_2
4652,2795103300346100117,oligodendrocyte_progenitor_2
4653,2787445900760100138,oligodendrocyte_progenitor_2
4654,2787889600414100211,oligodendrocyte_progenitor_2
4655,2795903600320100118,oligodendrocyte_progenitor_2
4656,2796212800301100042,oligodendrocyte_progenitor_2
4657,2787889600406100108,DH_ex_Nmu/Tac2
4658,2795584800411100072,oligodendrocyte_progenitor_2
4659,2787889600126100048,oligodendrocyte_progenitor_2
4660,2787445900512100112,DH_ex_Grpr
4661,2795903600641100172,MV_in_Esrrb
4662,2787889600581200094,oligodendrocyte_progenitor_2
4663,2787445900285100049,DH_in_Cdh3
4664,2707604800382100271,MV_in_Esrrb
4665,2795903600322100306,DH_in_Npy
4666,2787445900390100089,oligodendrocyte_progenitor_2
4667,2656144900503100081,DH_in_Npy2r
4668,2795103300120100235,cholinergic_interneuron
4669,2787445900724100200,oligodendrocyte_progenitor_2
4670,2795903600186100210,oligodendrocyte_progenitor_2
4671,2795903600353100027,oligodendrocyte_progenitor_2
4672,2656144900537100241,MV_in_Gabra1
4673,2946331700000016270,astrocyte_1
4674,2795584800276100024,DH_ex_Reln/Nmur2
4675,2946331700000013471,astrocyte_1
4676,2796212800238100193,oligodendrocyte_progenitor_2
4677,2707737900087100085,M_in_Tfap2b
4678,2787445900389100165,oligodendrocyte_progenitor_2
4679,2946331700000004269,oligodendrocyte_progenitor_2
4680,2945606900000008052,oligodendrocyte_progenitor_2
4681,2726544600080100046,DH_ex_Nmu/Tac2
4682,2787445900755200125,oligodendrocyte_progenitor_2
4683,2656144900423100068,astrocyte_1
4684,2656144900141100101,alpha_motoneuron
4685,2795903600615100188,oligodendrocyte_progenitor_2
4686,2795903600518100152,DH_in_Npy2r
4687,2787889600278100062,oligodendrocyte_progenitor_2
4688,2795903600402100044,DH_in_Pdyn/Gal
4689,2726562700255100194,oligodendrocyte_1
4690,2656144900235100035,DH_in_Npy
4691,2656144900477100102,astrocyte_1
4692,2796212800946100084,M_in_Tfap2b
4693,2787889600090100064,oligodendrocyte_progenitor_2
4694,2796212800527100035,oligodendrocyte_progenitor_2
4695,2795103300400100093,oligodendrocyte_progenitor_2
4696,2796212800919100139,alpha_motoneuron
4697,2795903600696100063,oligodendrocyte_progenitor_2
4698,2787445900361100109,oligodendrocyte_progenitor_2
4699,2795584800202100165,oligodendrocyte_progenitor_2
4700,2787889600163100086,oligodendrocyte_progenitor_2
4701,2945606900000006829,oligodendrocyte_progenitor_2
4702,2787889600166100029,oligodendrocyte_progenitor_2
4703,2787445900621200087,oligodendrocyte_progenitor_2
4704,2796212800788200019,astrocyte_2
4705,2795584800709100117,oligodendrocyte_progenitor_2
4706,2726543700197100056,alpha_motoneuron
4707,2795584800736100093,oligodendrocyte_progenitor_2
4708,2796212800302100037,oligodendrocyte_progenitor_2
4709,2707604000140100213,DH_in_Npy2r
4710,2795903600142100254,oligodendrocyte_progenitor_2
4711,2787889600231100313,oligodendrocyte_progenitor_2
4712,2787445900804100257,DH_ex_Reln/Nmur2
4713,2787445900157100030,oligodendrocyte_progenitor_2
4714,2656143800192100168,oligodendrocyte_progenitor_2
4715,2656143800191200106,oligodendrocyte_progenitor_2
4716,2787445900582100098,DH_in_Cdh3
4717,2795903600327100124,DM_ex_Zfhx3
4718,2787889600280100217,oligodendrocyte_progenitor_2
4719,2946331700000000808,oligodendrocyte_progenitor_2
4720,2795584800705100032,oligodendrocyte_progenitor_2
4721,2787889600134100064,oligodendrocyte_progenitor_2
4722,2795903600435100167,oligodendrocyte_progenitor_2
4723,2796212800452100033,oligodendrocyte_progenitor_2
4724,2707604800143100197,DH_ex_Nmu/Tac2
4725,2796212800537100130,DH_ex_Cpne4
4726,2707604800122100035,oligodendrocyte_progenitor_2
4727,2796212800333100283,DH_in_Cdh3
4728,2945606900000008823,oligodendrocyte_progenitor_2
4729,2796212800529100178,oligodendrocyte_progenitor_2
4730,2707604000110100163,oligodendrocyte_progenitor_2
4731,2787889600230100244,oligodendrocyte_progenitor_2
4732,2726562800258100138,DH_in_Cdh3
4733,2795903600144100076,oligodendrocyte_progenitor_2
4734,2787889600230200084,oligodendrocyte_progenitor_2
4735,2796212800979100219,oligodendrocyte_progenitor_2
4736,2707604700249100104,oligodendrocyte_progenitor_2
4737,2787445900397100214,oligodendrocyte_progenitor_2
4738,2946331700000012660,astrocyte_2
4739,2795903600242100149,oligodendrocyte_progenitor_2
4740,2796212800616100086,oligodendrocyte_progenitor_2
4741,2656144900505200017,astrocyte_1
4742,2726562800240100231,oligodendrocyte_progenitor_2
4743,2795103300481100127,oligodendrocyte_progenitor_2
4744,2787445900398100027,oligodendrocyte_progenitor_2
4745,2726544200015100198,M_in_Tfap2b
4746,2707604700363100023,oligodendrocyte_progenitor_2
4747,2656143800419100111,MV_in_Gm26673
4748,2787445900462100180,oligodendrocyte_progenitor_2
4749,2795584800202100068,oligodendrocyte_progenitor_2
4750,2707604000153100044,oligodendrocyte_progenitor_2
4751,2946331700000017790,astrocyte_1
4752,2707604700012100130,oligodendrocyte_progenitor_2
4753,2795584800455100073,M_ex_Vsx2
4754,2787445900225100194,oligodendrocyte_progenitor_2
4755,2787889600231100270,DH_ex_Grp
4756,2787445900719100117,oligodendrocyte_progenitor_2
4757,2787889600580100064,DH_ex_Reln/Nmur2
4758,2787889600314100181,DM_ex_Zfhx3
4759,2945606900000003542,oligodendrocyte_progenitor_2
4760,2656144900368100128,DH_in_Pdyn/Gal
4761,2795103300330100227,oligodendrocyte_progenitor_2
4762,2945606900000028598,oligodendrocyte_progenitor_2
4763,2787445900363200109,oligodendrocyte_progenitor_2
4764,2656144900634100070,astrocyte_1
4765,2795584800472100123,DH_in_Npy
4766,2656144900423100024,astrocyte_1
4767,2726562800116100166,DH_in_Pdyn
4768,2787445900762100117,MV_in_Gabra1
4769,2787889600317200073,oligodendrocyte_progenitor_2
4770,2796212800944100083,oligodendrocyte_progenitor_2
4771,2795903600169100036,M_in_Tfap2b
4772,2796212800788100025,alpha_motoneuron
4773,2726543700227100177,oligodendrocyte_progenitor_2
4774,2795903600490100211,oligodendrocyte_progenitor_2
4775,2656144900583100080,astrocyte_1
4776,2726544600029100120,oligodendrocyte_progenitor_2
4777,2787889600545200139,oligodendrocyte_progenitor_2
4778,2795903600481100019,oligodendrocyte_progenitor_2
4779,2787445900288100065,DH_in_Cdh3
4780,2796212800789100148,oligodendrocyte_progenitor_2
4781,2787445900545100037,oligodendrocyte_progenitor_2
4782,2795584800226100169,DH_ex_Reln/Nmur2
4783,2707604800221100119,oligodendrocyte_progenitor_2
4784,2656143800218100026,oligodendrocyte_progenitor_2
4785,2796212800395100109,oligodendrocyte_progenitor_2
4786,2656143800393100039,oligodendrocyte_progenitor_2
4787,2707604000043100074,oligodendrocyte_progenitor_2
4788,2945606900000016933,oligodendrocyte_progenitor_2
4789,2787445900713100100,oligodendrocyte_progenitor_2
4790,2707604700362100077,oligodendrocyte_progenitor_2
4791,2787445900821100105,DH_in_Cdh3
4792,2787445900304100025,MV_in_Sema5b
4793,2787889600443100098,MV_in_Gabra1
4794,2795103300375100072,oligodendrocyte_progenitor_2
4795,2707604000152100070,alpha_motoneuron
4796,2787445900224100098,oligodendrocyte_progenitor_2
4797,2787445900716100163,MV_in_Esrrb
4798,2707604700411100025,oligodendrocyte_progenitor_2
4799,2707737900101100159,oligodendrocyte_progenitor_2
4800,2796212801104100057,oligodendrocyte_progenitor_2
4801,2795103300156100243,DH_in_Cdh3
4802,2787445900132100113,oligodendrocyte_progenitor_2
4803,2795103300382100291,DH_ex_Reln/Nmur2
4804,2795584800621100161,MV_in_Gabra1
4805,2796212800374100055,astrocyte_1
4806,2787445900726100295,DH_ex_Gpr83
4807,2795903600544100050,DH_ex_Grpr
4808,2795584800434100129,DH_ex_Nmu/Tac2
4809,2795103300233100076,DH_in_Npy2r
4810,2656144900164100020,astrocyte_1
4811,2795903600242100120,DH_ex_Nmu/Tac2
4812,2946331700000012643,DH_ex_Nmu/Tac2
4813,2946331700000008898,astrocyte_1
4814,2656143800443100283,DH_in_Rorb
4815,2656143800028100209,DM_ex_Zfhx3
4816,2787889600353100132,oligodendrocyte_progenitor_2
4817,2656144900557200196,astrocyte_1
4818,2656144900505100160,astrocyte_1
4819,2795584800412100274,MV_in_Gabra1
4820,2787889600092100113,oligodendrocyte_progenitor_2
4821,2787445900290100164,DM_ex_Zfhx3
4822,2796212800978100263,MV_in_Gabra1
4823,2796212800232100066,M_ex_Vsx2
4824,2795584800434100180,DH_ex_Sox5/Tac1
4825,2795584800383100128,oligodendrocyte_progenitor_2
4826,2795903600349200019,DH_ex_Sox5
4827,2795584800345100032,oligodendrocyte_progenitor_2
4828,2707604000042100215,oligodendrocyte_progenitor_2
4829,2707604800444100131,MV_in_Sema5b
4830,2707737900086100051,oligodendrocyte_progenitor_2
4831,2787445900824100076,DH_in_Rorb
4832,2787889600059100118,oligodendrocyte_progenitor_2
4833,2796212800980100097,DH_ex_Sox5
4834,2656144900395100081,DM_ex_Zfhx3
4835,2707604000094100068,oligodendrocyte_progenitor_2
4836,2787889600370200019,oligodendrocyte_progenitor_2
4837,2707604700341100168,MV_in_Gm26673
4838,2787889600404100034,oligodendrocyte_progenitor_2
4839,2795584800137100044,oligodendrocyte_progenitor_2
4840,2787445900753100191,MV_ex_Syt2
4841,2795584800172100175,DH_ex_Gpr83
4842,2795903600267100095,M_ex_Vsx2
4843,2656144900137100136,DH_in_Pdyn
4844,2796212800553100055,oligodendrocyte_progenitor_2
4845,2787445900718100068,oligodendrocyte_progenitor_2
4846,2787445900362100047,oligodendrocyte_progenitor_2
4847,2795103300441100062,oligodendrocyte_progenitor_2
4848,2707737900050100072,DH_ex_Reln
4849,2787445900361100266,oligodendrocyte_progenitor_2
4850,2726562700276100069,MV_in_Sema5b
4851,2787445900822100143,oligodendrocyte_progenitor_2
4852,2707737900099100034,oligodendrocyte_progenitor_2
4853,2796212800111100115,astrocyte_1
4854,2796212800980200151,oligodendrocyte_1
4855,2787445900625100041,oligodendrocyte_progenitor_2
4856,2787889600058100241,MV_in_Esrrb
4857,2707737900048100146,oligodendrocyte_progenitor_2
4858,2707604700084100124,MV_in_Gabra1
4859,2787445900584100218,MV_in_Gabra1
4860,2787889600231200148,oligodendrocyte_progenitor_2
4861,2787445900194100023,oligodendrocyte_progenitor_2
4862,2707737900112100044,MV_ex_Syt2
4863,2795103300194100284,oligodendrocyte_progenitor_2
4864,2795903600464100080,oligodendrocyte_progenitor_2
4865,2795903600489100199,oligodendrocyte_progenitor_2
4866,2946331700000020172,oligodendrocyte_progenitor_2
4867,2787889600161100067,oligodendrocyte_progenitor_2
4868,2796212800914100123,oligodendrocyte_progenitor_2
4869,2707604700132100202,DH_ex_Nmu/Tac2
4870,2787889600131100129,oligodendrocyte_progenitor_2
4871,2707604700342100156,oligodendrocyte_progenitor_2
4872,2787445900324100229,oligodendrocyte_progenitor_2
4873,2787445900395100057,oligodendrocyte_progenitor_2
4874,2656143800418100052,oligodendrocyte_progenitor_2
4875,2707604000095100116,DH_ex_Grp
4876,2946331700000000260,oligodendrocyte_progenitor_2
4877,2795584800406100227,oligodendrocyte_progenitor_2
4878,2796212800141100016,astrocyte_1
4879,2656144900503100077,astrocyte_1
4880,2787889600325100052,DH_ex_Nmu/Tac2
4881,2787445900797100103,oligodendrocyte_progenitor_2
4882,2787445900095100168,DM_ex_Zfhx3
4883,2787889600445100059,oligodendrocyte_progenitor_2
4884,2656144900377100104,DH_ex_Reln/Nmur2
4885,2796212800812100128,DH_in_Cdh3
4886,2787445900462100149,oligodendrocyte_progenitor_2
4887,2656144900589100169,M_ex_Neurod2
4888,2707604000057100061,oligodendrocyte_progenitor_2
4889,2707604700273100063,oligodendrocyte_progenitor_2
4890,2656144900186100091,alpha_motoneuron
4891,2795584800103100050,alpha_motoneuron
4892,2787445900360100163,oligodendrocyte_progenitor_2
4893,2796212800760100173,oligodendrocyte_progenitor_2
4894,2707604700037100163,oligodendrocyte_progenitor_2
4895,2787889600315100010,oligodendrocyte_progenitor_2
4896,2787445900288100039,DH_in_Pdyn
4897,2796212800397100107,M_in_Tfap2b
4898,2787445900822100216,DM_ex_Zfhx3
4899,2787889600325100114,DH_in_Pdyn
4900,2795103300195200067,oligodendrocyte_progenitor_2
4901,2787889600378100099,DH_in_Pdyn/Gal
4902,2787889600353100092,M_ex_Vsx2
4903,2787889600231100248,MV_ex_Syt2
4904,2787445900860100104,oligodendrocyte_progenitor_2
4905,2787445900621100034,MV_in_Gabra1
4906,2787889600057100126,oligodendrocyte_progenitor_2
4907,2796212800747100057,oligodendrocyte_progenitor_2
4908,2656144900379100141,astrocyte_1
4909,2787445900167100039,oligodendrocyte_progenitor_2
4910,2795903600412100101,oligodendrocyte_progenitor_2
4911,2796212800422100058,oligodendrocyte_progenitor_2
4912,2656144900503100046,astrocyte_1
4913,2795584800377100142,MV_in_Gm26673
4914,2795584800446100141,oligodendrocyte_progenitor_2
4915,2707737900050100090,oligodendrocyte_progenitor_2
4916,2656144900477100148,astrocyte_1
4917,2796212800364100246,oligodendrocyte_progenitor_2
4918,2787445900245100096,oligodendrocyte_progenitor_2
4919,2796212800585100132,MV_ex_Syt2
4920,2787445900400100124,oligodendrocyte_progenitor_2
4921,2796212800657100017,oligodendrocyte_progenitor_2
4922,2726543700164100197,oligodendrocyte_progenitor_2
4923,2796212800554100225,oligodendrocyte_progenitor_2
4924,2795103300200100103,oligodendrocyte_progenitor_2
4925,2707604800197100034,oligodendrocyte_progenitor_2
4926,2795103300191100126,DH_ex_Reln/Nmur2
4927,2707604700318100007,oligodendrocyte_progenitor_2
4928,2795584800435100142,oligodendrocyte_progenitor_2
4929,2656143800391100136,MV_ex_Syt2
4930,2707604700039100082,oligodendrocyte_progenitor_2
4931,2787889600325100016,DH_ex_Reln/Nmur2
4932,2707604800140100092,oligodendrocyte_progenitor_2
4933,2795584800435100338,DH_in_Pdyn
4934,2787889600315100081,MV_in_Gabra1
4935,2795584800457100280,MV_in_Gabra1
4936,2787445900365100092,oligodendrocyte_progenitor_2
4937,2787445900427100026,oligodendrocyte_progenitor_2
4938,2656143800391100075,DH_ex_Reln/Nmur2
4939,2946331700000006679,DH_ex_Nmu/Tac2
4940,2707604700045100079,oligodendrocyte_progenitor_2
4941,2796212800297100140,oligodendrocyte_progenitor_2
4942,2796212800232100105,oligodendrocyte_progenitor_2
4943,2795903600543100094,oligodendrocyte_progenitor_2
4944,2796212800922100252,oligodendrocyte_1
4945,2707604800059100110,oligodendrocyte_progenitor_2
4946,2795903600353100240,oligodendrocyte_progenitor_2
4947,2795584800174100056,oligodendrocyte_progenitor_2
4948,2707604800424100030,oligodendrocyte_progenitor_2
4949,2946331700000018313,oligodendrocyte_progenitor_2
4950,2726544200036100101,oligodendrocyte_progenitor_2
4951,2795903600639100073,oligodendrocyte_progenitor_2
4952,2946331700000006729,DH_ex_Sox5/Tac1
4953,2795903600088100166,oligodendrocyte_progenitor_2
4954,2795103300147100257,oligodendrocyte_progenitor_2
4955,2795584800324100017,DH_ex_Grpr
4956,2787445900364100141,oligodendrocyte_progenitor_2
4957,2707604700037100122,alpha_motoneuron
4958,2796212800888100300,oligodendrocyte_progenitor_2
4959,2787889600486100059,MV_in_Gabra1
4960,2656144900670100124,astrocyte_1
4961,2787889600095100195,oligodendrocyte_progenitor_2
4962,2795584800449100151,oligodendrocyte_progenitor_2
4963,2795584800659100256,MV_ex_Syt2
4964,2795584800117100312,M_in_Tfap2b
4965,2707604700061100172,M_in_Tfap2b
4966,2656144900590100122,astrocyte_1
4967,2796212800911100144,alpha_motoneuron
4968,2787445900471100042,oligodendrocyte_progenitor_2
4969,2707604800381100131,oligodendrocyte_progenitor_2
4970,2787445900588100029,oligodendrocyte_progenitor_2
4971,2795103300230100118,DH_in_Npy
4972,2795903600412200021,oligodendrocyte_progenitor_2
4973,2656144900211100165,astrocyte_1
4974,2787445900717100179,oligodendrocyte_progenitor_2
4975,2787445900753100163,MV_ex_Syt2
4976,2707604700226100134,oligodendrocyte_progenitor_2
4977,2707604800340100069,oligodendrocyte_progenitor_2
4978,2707604800361100081,oligodendrocyte_progenitor_2
4979,2787889600231100099,M_ex_Vsx2
4980,2656144900395100175,astrocyte_1
4981,2796212800463100134,oligodendrocyte_progenitor_2
4982,2795584800100100114,oligodendrocyte_progenitor_2
4983,2656143800131100091,alpha_motoneuron
4984,2707604000139100201,oligodendrocyte_progenitor_2
4985,2795903600481100072,MV_in_Sema5b
4986,2707604000095100159,DH_in_Cdh3
4987,2787889600351100263,M_ex_Vsx2
4988,2707604700271100046,MV_ex_Syt2
4989,2787889600352100099,MV_in_Gm26673
4990,2707604000087100020,oligodendrocyte_progenitor_2
4991,2656144900395100134,astrocyte_1
4992,2795903600243100223,oligodendrocyte_progenitor_2
4993,2787445900204100128,oligodendrocyte_progenitor_2
4994,2795903600438100166,DH_in_Pdyn/Gal
4995,2726562800240100059,oligodendrocyte_progenitor_2
4996,2787889600409100230,oligodendrocyte_progenitor_2
4997,2795584800388100027,oligodendrocyte_progenitor_2
4998,2656143800130100146,oligodendrocyte_progenitor_2
4999,2707604700272100140,oligodendrocyte_progenitor_2
5000,2787445900694100124,oligodendrocyte_progenitor_2
